id,timestamp,x,y,name
3250410900,00:33.0,-122.9230113,38.2174969,ACR Heron and Egret telemetry project
3250410913,00:31.0,-122.9234415,38.2177747,ACR Heron and Egret telemetry project
3260801331,00:37.0,-122.9236608,38.2177485,ACR Heron and Egret telemetry project
3260801604,00:39.0,-122.9235087,38.2177112,ACR Heron and Egret telemetry project
3268265480,00:36.0,-122.9231588,38.2173871,ACR Heron and Egret telemetry project
3268265729,00:33.0,-122.9234521,38.2177354,ACR Heron and Egret telemetry project
3268265906,00:39.0,-122.9498493,38.2231458,ACR Heron and Egret telemetry project
3268265918,00:38.0,-122.9494126,38.2232714,ACR Heron and Egret telemetry project
3278995719,00:32.0,-122.9234981,38.217774,ACR Heron and Egret telemetry project
3278995756,00:39.0,-122.9234674,38.2176842,ACR Heron and Egret telemetry project
3278996049,00:37.0,,,ACR Heron and Egret telemetry project
3301404640,00:34.0,-122.9234248,38.2175613,ACR Heron and Egret telemetry project
3301405173,00:32.0,-122.923473,38.2176256,ACR Heron and Egret telemetry project
3301405503,00:36.0,-122.9237186,38.2169158,ACR Heron and Egret telemetry project
3322509583,00:31.0,-122.9234627,38.2174922,ACR Heron and Egret telemetry project
3322509856,00:34.0,-122.9235431,38.2177378,ACR Heron and Egret telemetry project
3347310237,00:34.0,-122.9231263,38.2174209,ACR Heron and Egret telemetry project
3347310571,00:37.0,-122.8998387,38.1662052,ACR Heron and Egret telemetry project
3356229420,00:36.0,-122.923431,38.2175405,ACR Heron and Egret telemetry project
3394527736,00:37.0,-122.9235038,38.2175523,ACR Heron and Egret telemetry project
3394527756,00:32.0,-122.9234518,38.2177062,ACR Heron and Egret telemetry project
3394528518,00:38.0,-122.923449,38.2171062,ACR Heron and Egret telemetry project
3394528542,00:31.0,-122.9235022,38.2176168,ACR Heron and Egret telemetry project
3394529446,00:34.0,-122.9235493,38.2176033,ACR Heron and Egret telemetry project
3394529514,00:38.0,-122.9547068,38.2171077,ACR Heron and Egret telemetry project
3396291853,00:39.0,-122.9531547,38.2162409,ACR Heron and Egret telemetry project
3396291949,00:35.0,-122.9234608,38.2176814,ACR Heron and Egret telemetry project
3396292483,00:30.0,-122.923423,38.217569,ACR Heron and Egret telemetry project
3396292520,00:39.0,-122.9235068,38.2177258,ACR Heron and Egret telemetry project
3396292528,00:31.0,-122.9235157,38.2177063,ACR Heron and Egret telemetry project
3396292812,00:35.0,-122.9232882,38.2175108,ACR Heron and Egret telemetry project
3396293089,00:35.0,-122.9237038,38.2174229,ACR Heron and Egret telemetry project
3417133046,00:31.0,-122.9234317,38.2174747,ACR Heron and Egret telemetry project
3417133119,00:32.0,-122.9235719,38.2175689,ACR Heron and Egret telemetry project
3417133616,00:38.0,-122.9235083,38.2173958,ACR Heron and Egret telemetry project
3417133689,00:39.0,-122.9235999,38.2175697,ACR Heron and Egret telemetry project
3417133925,00:32.0,-122.9236971,38.2178252,ACR Heron and Egret telemetry project
3417133974,00:38.0,-122.9232992,38.2176115,ACR Heron and Egret telemetry project
3417134259,00:39.0,-122.923538,38.2174346,ACR Heron and Egret telemetry project
3417134483,00:32.0,-122.923656,38.2175867,ACR Heron and Egret telemetry project
3417135053,00:38.0,-122.9235116,38.2176528,ACR Heron and Egret telemetry project
3417135113,00:33.0,-122.9236181,38.2175445,ACR Heron and Egret telemetry project
3431252681,00:33.0,-122.9235056,38.2171119,ACR Heron and Egret telemetry project
3443769426,00:39.0,-122.9498696,38.2230878,ACR Heron and Egret telemetry project
3443769474,00:31.0,-122.9235997,38.2175734,ACR Heron and Egret telemetry project
3443769759,00:30.0,-122.9231906,38.2171753,ACR Heron and Egret telemetry project
3443769807,00:34.0,-122.9231867,38.2177037,ACR Heron and Egret telemetry project
3443770092,00:31.0,-122.9238105,38.2175116,ACR Heron and Egret telemetry project
3471263060,00:30.0,-122.9236128,38.2175202,ACR Heron and Egret telemetry project
3471263902,00:34.0,-122.9237011,38.2174518,ACR Heron and Egret telemetry project
3471264139,00:32.0,-122.9235886,38.2176063,ACR Heron and Egret telemetry project
3471264485,00:36.0,-122.9234938,38.217651,ACR Heron and Egret telemetry project
3471264770,00:30.0,-122.923571,38.2175474,ACR Heron and Egret telemetry project
3492695630,00:32.0,-122.9235816,38.217482,ACR Heron and Egret telemetry project
3492695964,00:30.0,-122.9233794,38.2175959,ACR Heron and Egret telemetry project
3492696224,00:38.0,-122.9233995,38.2175997,ACR Heron and Egret telemetry project
3492696249,00:35.0,-122.9235112,38.2175125,ACR Heron and Egret telemetry project
3492696485,00:39.0,-122.9233296,38.2178603,ACR Heron and Egret telemetry project
3492696769,00:30.0,-122.9235425,38.217483,ACR Heron and Egret telemetry project
3510137944,00:35.0,-122.9235451,38.2174573,ACR Heron and Egret telemetry project
3510138289,00:35.0,-122.923483,38.217466,ACR Heron and Egret telemetry project
3510138298,00:32.0,-122.9234929,38.2174249,ACR Heron and Egret telemetry project
3510138310,00:36.0,-122.9235915,38.2175112,ACR Heron and Egret telemetry project
3510138514,00:30.0,-122.9236407,38.2172455,ACR Heron and Egret telemetry project
3510138574,00:35.0,-122.9235642,38.2176159,ACR Heron and Egret telemetry project
3510138583,00:34.0,-122.9237281,38.2174211,ACR Heron and Egret telemetry project
3510138775,00:34.0,-122.9234622,38.2175061,ACR Heron and Egret telemetry project
3510138892,00:34.0,-122.9234373,38.2175156,ACR Heron and Egret telemetry project
3598009610,00:37.0,-122.9232805,38.2171832,ACR Heron and Egret telemetry project
3598010107,00:35.0,-122.923489,38.217624,ACR Heron and Egret telemetry project
3598010143,00:31.0,-122.9234151,38.217494,ACR Heron and Egret telemetry project
3598010180,00:35.0,-122.9235885,38.2177249,ACR Heron and Egret telemetry project
3598010749,00:35.0,-122.9235681,38.2174938,ACR Heron and Egret telemetry project
3598010950,00:39.0,-122.9233745,38.2174223,ACR Heron and Egret telemetry project
3598011043,00:30.0,-122.9236936,38.2176624,ACR Heron and Egret telemetry project
3598011055,00:36.0,-122.9233785,38.2173475,ACR Heron and Egret telemetry project
3598011235,00:31.0,-122.9236497,38.2176021,ACR Heron and Egret telemetry project
3598011283,00:36.0,-122.9234499,38.2175069,ACR Heron and Egret telemetry project
3598011320,00:34.0,-122.9234799,38.2176733,ACR Heron and Egret telemetry project
3598011340,00:37.0,-122.9233714,38.2174882,ACR Heron and Egret telemetry project
3598011805,00:30.0,-122.9237001,38.2175277,ACR Heron and Egret telemetry project
3598012126,00:31.0,-122.9235908,38.2174291,ACR Heron and Egret telemetry project
3598012207,00:30.0,-122.9234436,38.2176559,ACR Heron and Egret telemetry project
3598012399,00:33.0,-122.9235016,38.2175259,ACR Heron and Egret telemetry project
3598012753,00:31.0,-122.9230886,38.2177971,ACR Heron and Egret telemetry project
3598012981,00:37.0,-122.9232627,38.217695,ACR Heron and Egret telemetry project
3598013017,00:31.0,-122.9234761,38.2175013,ACR Heron and Egret telemetry project
3598013335,00:31.0,-122.9235094,38.2175255,ACR Heron and Egret telemetry project
3598013551,00:38.0,-122.9234952,38.217598,ACR Heron and Egret telemetry project
3598013587,00:35.0,-122.9234793,38.2176587,ACR Heron and Egret telemetry project
3598013836,00:32.0,-122.9231021,38.2173008,ACR Heron and Egret telemetry project
3598014170,00:37.0,-122.9233876,38.2174492,ACR Heron and Egret telemetry project
3666531974,00:35.0,-122.9235082,38.2177614,ACR Heron and Egret telemetry project
3666532010,00:31.0,-122.9233696,38.2176603,ACR Heron and Egret telemetry project
3666532616,00:39.0,-122.9234485,38.2175938,ACR Heron and Egret telemetry project
3666532628,00:31.0,-122.923445,38.2174699,ACR Heron and Egret telemetry project
3666532649,00:32.0,-122.923648,38.2173486,ACR Heron and Egret telemetry project
3666532922,00:39.0,-122.9232479,38.2175151,ACR Heron and Egret telemetry project
3666532934,00:31.0,-122.9235296,38.2175015,ACR Heron and Egret telemetry project
3666533411,00:36.0,-122.9234315,38.2175584,ACR Heron and Egret telemetry project
3666533423,00:38.0,-122.9234213,38.2175913,ACR Heron and Egret telemetry project
3666533484,00:35.0,-122.9232692,38.2175789,ACR Heron and Egret telemetry project
3672360044,00:33.0,-122.949574,38.2278153,ACR Heron and Egret telemetry project
3698854366,00:30.0,-122.9236469,38.2174236,ACR Heron and Egret telemetry project
3698854567,00:30.0,-122.9234397,38.2174691,ACR Heron and Egret telemetry project
3698854639,00:30.0,-122.9236418,38.2174679,ACR Heron and Egret telemetry project
3698854876,00:34.0,-122.9233751,38.2178649,ACR Heron and Egret telemetry project
3698854912,00:35.0,-122.9235485,38.2177738,ACR Heron and Egret telemetry project
3698855149,00:38.0,-122.8141884,38.07981,ACR Heron and Egret telemetry project
3698855792,00:37.0,-122.9235606,38.2175572,ACR Heron and Egret telemetry project
3698856097,00:35.0,-122.9235525,38.2176849,ACR Heron and Egret telemetry project
3698856337,00:35.0,-122.9234032,38.2177621,ACR Heron and Egret telemetry project
3698856370,00:38.0,-122.9237185,38.2174681,ACR Heron and Egret telemetry project
3716219138,00:36.0,-122.9233754,38.2175636,ACR Heron and Egret telemetry project
3716219610,00:38.0,-122.9524914,38.2171026,ACR Heron and Egret telemetry project
3716219646,00:32.0,-122.9233882,38.217603,ACR Heron and Egret telemetry project
3716219707,00:35.0,-122.9235943,38.2176611,ACR Heron and Egret telemetry project
3716219992,00:33.0,-122.9234048,38.2175828,ACR Heron and Egret telemetry project
3716220192,00:33.0,-122.9234709,38.2176301,ACR Heron and Egret telemetry project
3716220240,00:30.0,-122.9230386,38.2175346,ACR Heron and Egret telemetry project
3716220276,00:36.0,-122.9233878,38.2173974,ACR Heron and Egret telemetry project
3724438002,00:30.0,-122.9230682,38.2178057,ACR Heron and Egret telemetry project
3724438038,00:33.0,-122.9233457,38.217857,ACR Heron and Egret telemetry project
3724438071,00:32.0,-122.9234731,38.2174611,ACR Heron and Egret telemetry project
5090842744,00:32.0,-119.6481775,35.8465046,ACR Heron and Egret telemetry project
5090847144,00:38.0,-119.751669,35.977815,ACR Heron and Egret telemetry project
5305384029,00:39.0,-119.6943358,35.9923072,ACR Heron and Egret telemetry project
5378702579,00:39.0,-119.6949473,35.8753685,ACR Heron and Egret telemetry project
5378704871,00:38.0,-119.6893087,35.847049,ACR Heron and Egret telemetry project
5378710512,00:38.0,-119.6402542,35.9283957,ACR Heron and Egret telemetry project
5378711190,00:32.0,-119.6913121,35.9577545,ACR Heron and Egret telemetry project
6276670958,00:35.0,-119.660894,35.8474846,ACR Heron and Egret telemetry project
6276684050,00:35.0,-120.8906141,37.2141474,ACR Heron and Egret telemetry project
6276695755,00:33.0,-121.6996369,38.281252,ACR Heron and Egret telemetry project
6276697470,00:34.0,-121.699422,38.2812319,ACR Heron and Egret telemetry project
6276697626,00:38.0,-121.6973918,38.2838071,ACR Heron and Egret telemetry project
6276698380,00:38.0,-121.6612653,38.2805395,ACR Heron and Egret telemetry project
6309438980,00:38.0,-122.9546641,38.2165769,ACR Heron and Egret telemetry project
6309439004,00:39.0,-122.9496346,38.2286936,ACR Heron and Egret telemetry project
6539516549,00:39.0,-122.9236064,38.2174964,ACR Heron and Egret telemetry project
6594409482,00:35.0,-122.9235017,38.217448,ACR Heron and Egret telemetry project
6594409980,00:30.0,-122.9233719,38.2173414,ACR Heron and Egret telemetry project
6594410040,00:31.0,-122.9234206,38.2173255,ACR Heron and Egret telemetry project
6594410325,00:35.0,-122.9231851,38.2176706,ACR Heron and Egret telemetry project
6594410634,00:30.0,-122.923523,38.2175369,ACR Heron and Egret telemetry project
6594411108,00:31.0,-122.9235295,38.2174799,ACR Heron and Egret telemetry project
6594411120,00:32.0,-122.9235302,38.2174368,ACR Heron and Egret telemetry project
6629377111,00:30.0,-122.9494287,38.2287397,ACR Heron and Egret telemetry project
6629377324,00:31.0,-122.9236813,38.2175222,ACR Heron and Egret telemetry project
6629377906,00:32.0,-122.9234877,38.2175709,ACR Heron and Egret telemetry project
6721737438,00:34.0,-122.9231871,38.2174222,ACR Heron and Egret telemetry project
6721737486,00:30.0,-122.9234797,38.2180528,ACR Heron and Egret telemetry project
6721738068,00:39.0,-122.9233561,38.2175234,ACR Heron and Egret telemetry project
6721738257,00:35.0,-122.9234484,38.2176397,ACR Heron and Egret telemetry project
6721738329,00:31.0,-122.9232478,38.217582,ACR Heron and Egret telemetry project
6721738626,00:32.0,-122.9237923,38.2171523,ACR Heron and Egret telemetry project
6721739184,00:36.0,-122.923423,38.2174723,ACR Heron and Egret telemetry project
6736953866,00:39.0,-122.9234349,38.2173359,ACR Heron and Egret telemetry project
6842967909,00:35.0,-122.9234876,38.2174813,ACR Heron and Egret telemetry project
6842968017,00:34.0,-122.9234348,38.2174002,ACR Heron and Egret telemetry project
6842968266,00:31.0,-122.9235747,38.2175215,ACR Heron and Egret telemetry project
6842969430,00:30.0,-122.9236496,38.2174411,ACR Heron and Egret telemetry project
6873248384,00:37.0,-122.9232867,38.217406,ACR Heron and Egret telemetry project
6873248456,00:33.0,-122.9234352,38.217558,ACR Heron and Egret telemetry project
6873248729,00:31.0,-122.9233128,38.2174147,ACR Heron and Egret telemetry project
6873249287,00:30.0,-122.9235205,38.2176102,ACR Heron and Egret telemetry project
6873249311,00:31.0,-122.9235252,38.2176066,ACR Heron and Egret telemetry project
6873249523,00:35.0,-122.9234466,38.2175624,ACR Heron and Egret telemetry project
6873249583,00:30.0,-122.923936,38.217412,ACR Heron and Egret telemetry project
6873249595,00:30.0,-122.9236734,38.2174306,ACR Heron and Egret telemetry project
6873249784,00:39.0,-122.9235064,38.2175521,ACR Heron and Egret telemetry project
6873249808,00:32.0,-122.9236444,38.2175814,ACR Heron and Egret telemetry project
6888220481,00:38.0,-122.9235763,38.2175107,ACR Heron and Egret telemetry project
6931867519,00:31.0,-122.9235354,38.2174626,ACR Heron and Egret telemetry project
6931867828,00:30.0,-122.9235582,38.2174887,ACR Heron and Egret telemetry project
6931868029,00:32.0,-122.9235961,38.2176603,ACR Heron and Egret telemetry project
6931868101,00:32.0,-122.9240564,38.2182687,ACR Heron and Egret telemetry project
6931868386,00:32.0,-122.9235699,38.2161752,ACR Heron and Egret telemetry project
7042730015,00:31.0,-122.9234549,38.2176878,ACR Heron and Egret telemetry project
7042730288,00:38.0,-122.9230578,38.217869,ACR Heron and Egret telemetry project
7042730537,00:32.0,-122.923456,38.2176383,ACR Heron and Egret telemetry project
7042730597,00:35.0,-122.9233033,38.2175165,ACR Heron and Egret telemetry project
7042730834,00:36.0,-122.9235016,38.2176465,ACR Heron and Egret telemetry project
7042730906,00:31.0,-122.9235222,38.217708,ACR Heron and Egret telemetry project
8616973338,00:34.0,-122.9234642,38.2175487,ACR Heron and Egret telemetry project
8616973374,00:31.0,-122.9234467,38.2175459,ACR Heron and Egret telemetry project
8616973386,00:32.0,-122.9233522,38.217637,ACR Heron and Egret telemetry project
8623314102,00:37.0,-122.9234555,38.2176663,ACR Heron and Egret telemetry project
8623314387,00:30.0,-122.9228489,38.2185905,ACR Heron and Egret telemetry project
8623314399,00:34.0,-122.9234546,38.2173933,ACR Heron and Egret telemetry project
8623314921,00:31.0,-122.9238155,38.2176052,ACR Heron and Egret telemetry project
8623314981,00:39.0,-122.9234338,38.2176241,ACR Heron and Egret telemetry project
8623315254,00:36.0,-122.9233152,38.2174462,ACR Heron and Egret telemetry project
8623316495,00:36.0,-119.7535598,36.0048489,ACR Heron and Egret telemetry project
8623319049,00:34.0,-119.5890061,35.8775125,ACR Heron and Egret telemetry project
8642400581,00:38.0,-119.7551042,35.9618353,ACR Heron and Egret telemetry project
9139550334,00:39.0,-119.571781,35.9496479,ACR Heron and Egret telemetry project
9630870639,00:38.0,-119.7547843,35.9343792,ACR Heron and Egret telemetry project
9630870912,00:39.0,-119.7553015,35.9341621,ACR Heron and Egret telemetry project
12391494022,00:30.0,-119.9526235,35.6211417,ACR Heron and Egret telemetry project
8605226264,00:39.0,-119.9306172,35.9698912,ACR Heron and Egret telemetry project
12391495354,00:39.0,-119.9306172,35.9698912,ACR Heron and Egret telemetry project
3340406999,00:34.0,-122.9232679,38.2170108,ACR Heron and Egret telemetry project
3340407367,00:30.0,-122.9234446,38.2177041,ACR Heron and Egret telemetry project
3340408411,00:30.0,-122.9235701,38.2178441,ACR Heron and Egret telemetry project
3371151527,00:35.0,-122.9232581,38.2176496,ACR Heron and Egret telemetry project
3396288802,00:37.0,-122.9235906,38.217313,ACR Heron and Egret telemetry project
3396289063,00:31.0,-122.9232556,38.2174682,ACR Heron and Egret telemetry project
3396289372,00:38.0,-122.923451,38.2174015,ACR Heron and Egret telemetry project
3396289384,00:33.0,-122.9235065,38.2173341,ACR Heron and Egret telemetry project
3396289906,00:33.0,-122.7939355,38.2451972,ACR Heron and Egret telemetry project
3396290275,00:37.0,-122.9234734,38.2173284,ACR Heron and Egret telemetry project
3396291051,00:32.0,-122.9234093,38.2174483,ACR Heron and Egret telemetry project
3396291075,00:36.0,-122.9233669,38.2173526,ACR Heron and Egret telemetry project
3396291360,00:33.0,-122.9235103,38.2172809,ACR Heron and Egret telemetry project
3443765533,00:33.0,-122.9234558,38.2173642,ACR Heron and Egret telemetry project
3443765746,00:31.0,-122.9233877,38.217324,ACR Heron and Egret telemetry project
3443765794,00:33.0,-122.9234812,38.2172917,ACR Heron and Egret telemetry project
3443766352,00:36.0,-122.9229117,38.2166197,ACR Heron and Egret telemetry project
3443766400,00:33.0,-122.9235142,38.2171981,ACR Heron and Egret telemetry project
3443766885,00:34.0,-122.9234567,38.217272,ACR Heron and Egret telemetry project
3443767752,00:38.0,-122.9235626,38.2172108,ACR Heron and Egret telemetry project
3443768334,00:32.0,-122.9234872,38.2173957,ACR Heron and Egret telemetry project
3443768952,00:30.0,-122.9233214,38.2174147,ACR Heron and Egret telemetry project
3492692115,00:34.0,-122.9238927,38.2176239,ACR Heron and Egret telemetry project
3492692199,00:39.0,-122.9228159,38.2181405,ACR Heron and Egret telemetry project
3492692223,00:35.0,-122.9234148,38.2174895,ACR Heron and Egret telemetry project
3492692400,00:36.0,-122.923401,38.2173969,ACR Heron and Egret telemetry project
3492693624,00:35.0,-122.9234672,38.2173557,ACR Heron and Egret telemetry project
3510136863,00:33.0,-122.9234809,38.2174418,ACR Heron and Egret telemetry project
3510136887,00:33.0,-122.9234528,38.2174433,ACR Heron and Egret telemetry project
3510137718,00:31.0,-122.9233797,38.2173465,ACR Heron and Egret telemetry project
3523535032,00:31.0,-122.9234617,38.2173315,ACR Heron and Egret telemetry project
3523535887,00:36.0,-122.9228763,38.217198,ACR Heron and Egret telemetry project
3523535899,00:30.0,-122.9235422,38.2173327,ACR Heron and Egret telemetry project
3610049934,00:32.0,-122.9234046,38.2173136,ACR Heron and Egret telemetry project
3610050243,00:37.0,-122.9231821,38.2172926,ACR Heron and Egret telemetry project
3610050255,00:35.0,-122.9233596,38.2175941,ACR Heron and Egret telemetry project
3610051407,00:31.0,-122.9233825,38.2173425,ACR Heron and Egret telemetry project
3610051608,00:37.0,-122.9233751,38.217354,ACR Heron and Egret telemetry project
3610051977,00:31.0,-122.9233019,38.2171717,ACR Heron and Egret telemetry project
3610052535,00:38.0,-122.9231531,38.2179595,ACR Heron and Egret telemetry project
3610052559,00:33.0,-122.9232335,38.2171561,ACR Heron and Egret telemetry project
3666524103,00:34.0,-122.9234186,38.2173913,ACR Heron and Egret telemetry project
3666765007,00:30.0,-122.9231919,38.2171634,ACR Heron and Egret telemetry project
3666766420,00:33.0,-122.9231404,38.2167876,ACR Heron and Egret telemetry project
3666767014,00:34.0,-122.9232642,38.2173903,ACR Heron and Egret telemetry project
3666767464,00:37.0,-122.9234044,38.2174146,ACR Heron and Egret telemetry project
3666767560,00:30.0,-122.9233116,38.2175265,ACR Heron and Egret telemetry project
3666767572,00:32.0,-122.9235641,38.2175208,ACR Heron and Egret telemetry project
3698852030,00:30.0,-122.9234685,38.2173516,ACR Heron and Egret telemetry project
3698852399,00:38.0,-122.9233331,38.2174817,ACR Heron and Egret telemetry project
3698854013,00:38.0,-122.92311,38.2177049,ACR Heron and Egret telemetry project
4837911902,00:38.0,-122.923453,38.2172989,ACR Heron and Egret telemetry project
4837911938,00:34.0,-122.9231474,38.216892,ACR Heron and Egret telemetry project
5404844604,00:38.0,-122.8268456,38.2786521,ACR Heron and Egret telemetry project
5404846443,00:32.0,-122.9237706,38.2171869,ACR Heron and Egret telemetry project
5404846824,00:35.0,-122.9232004,38.2173847,ACR Heron and Egret telemetry project
5404848510,00:31.0,-122.9232991,38.2175217,ACR Heron and Egret telemetry project
5404849377,00:35.0,-122.9234082,38.2175363,ACR Heron and Egret telemetry project
5404852143,00:37.0,-122.854202,38.3130425,ACR Heron and Egret telemetry project
5404853082,00:31.0,-122.8543541,38.3127878,ACR Heron and Egret telemetry project
5404853532,00:38.0,-122.8542431,38.3129648,ACR Heron and Egret telemetry project
5404854684,00:32.0,-122.8541917,38.3129761,ACR Heron and Egret telemetry project
5404857831,00:38.0,-122.7856718,38.246547,ACR Heron and Egret telemetry project
5404861419,00:39.0,-122.8336364,38.2833262,ACR Heron and Egret telemetry project
5404863093,00:31.0,-122.8539804,38.3131518,ACR Heron and Egret telemetry project
5404863189,00:38.0,-122.8332886,38.2827612,ACR Heron and Egret telemetry project
5404865217,00:33.0,-122.8540167,38.313127,ACR Heron and Egret telemetry project
5404869316,00:35.0,-122.8543023,38.3127852,ACR Heron and Egret telemetry project
5404869529,00:34.0,-122.9234702,38.2174762,ACR Heron and Egret telemetry project
5404871501,00:38.0,-122.8541468,38.3131061,ACR Heron and Egret telemetry project
5404872083,00:32.0,-122.8543163,38.3130791,ACR Heron and Egret telemetry project
5404874172,00:39.0,-122.8542679,38.3130511,ACR Heron and Egret telemetry project
5404876191,00:38.0,-122.78535,38.2467118,ACR Heron and Egret telemetry project
5404877913,00:38.0,-122.7854713,38.246735,ACR Heron and Egret telemetry project
5404878363,00:39.0,-122.7853723,38.2467476,ACR Heron and Egret telemetry project
5404886820,00:30.0,-122.8334438,38.2833722,ACR Heron and Egret telemetry project
5404892423,00:31.0,-122.7859927,38.2471465,ACR Heron and Egret telemetry project
5404893812,00:35.0,-122.7855137,38.2464396,ACR Heron and Egret telemetry project
5589271136,00:33.0,-122.9226376,38.2173167,ACR Heron and Egret telemetry project
5589272477,00:38.0,-122.8126156,38.2646313,ACR Heron and Egret telemetry project
5589272954,00:31.0,-122.8177736,38.2602727,ACR Heron and Egret telemetry project
5589274210,00:35.0,-122.9238225,38.2166855,ACR Heron and Egret telemetry project
5750982570,00:37.0,-122.9233713,38.2173197,ACR Heron and Egret telemetry project
5849738374,00:38.0,-122.913406,38.1892972,ACR Heron and Egret telemetry project
5849738599,00:31.0,-122.9230444,38.2172422,ACR Heron and Egret telemetry project
5849738635,00:39.0,-122.9234549,38.2173906,ACR Heron and Egret telemetry project
5849738659,00:31.0,-122.9235479,38.2175113,ACR Heron and Egret telemetry project
5942162634,00:31.0,-122.9232972,38.2173992,ACR Heron and Egret telemetry project
5942162646,00:30.0,-122.9234211,38.2174328,ACR Heron and Egret telemetry project
5942162919,00:39.0,-122.9133674,38.1893067,ACR Heron and Egret telemetry project
5942163144,00:33.0,-122.9233582,38.2173691,ACR Heron and Egret telemetry project
5942163168,00:30.0,-122.9233033,38.2174493,ACR Heron and Egret telemetry project
5942163192,00:30.0,-122.9233058,38.2173863,ACR Heron and Egret telemetry project
5982188581,00:34.0,-122.9233531,38.2174157,ACR Heron and Egret telemetry project
5982189138,00:39.0,-122.9236425,38.2174281,ACR Heron and Egret telemetry project
6009511861,00:32.0,-122.923371,38.2173223,ACR Heron and Egret telemetry project
6031692119,00:33.0,-122.9234162,38.2174069,ACR Heron and Egret telemetry project
6031692167,00:34.0,-122.9232775,38.2173252,ACR Heron and Egret telemetry project
6133780519,00:37.0,-122.9233124,38.2173666,ACR Heron and Egret telemetry project
6133780852,00:36.0,-122.9234215,38.2173577,ACR Heron and Egret telemetry project
6133781517,00:39.0,-122.9134004,38.1892992,ACR Heron and Egret telemetry project
6213501056,00:31.0,-122.9234465,38.217228,ACR Heron and Egret telemetry project
6213501068,00:34.0,-122.9233722,38.2172901,ACR Heron and Egret telemetry project
6246962662,00:33.0,-122.9134436,38.1891776,ACR Heron and Egret telemetry project
6286073192,00:38.0,-122.9132582,38.1893602,ACR Heron and Egret telemetry project
6286073819,00:33.0,-122.9232312,38.2170285,ACR Heron and Egret telemetry project
6286073879,00:33.0,-122.9233496,38.21753,ACR Heron and Egret telemetry project
6259278687,00:39.0,-122.9234322,38.2176463,ACR Heron and Egret telemetry project
6276662306,00:30.0,-122.9234856,38.217619,ACR Heron and Egret telemetry project
6539513117,00:34.0,-122.9235222,38.2176476,ACR Heron and Egret telemetry project
6539513402,00:36.0,-122.9237898,38.2177125,ACR Heron and Egret telemetry project
6539515360,00:37.0,-122.9234576,38.2176889,ACR Heron and Egret telemetry project
6629375745,00:39.0,-122.8126925,38.2651167,ACR Heron and Egret telemetry project
7462306100,00:38.0,-122.812612,38.2650516,ACR Heron and Egret telemetry project
7462308368,00:33.0,-122.8127459,38.2650894,ACR Heron and Egret telemetry project
7462309367,00:38.0,-122.8454162,38.2566019,ACR Heron and Egret telemetry project
7462310374,00:39.0,-122.8126774,38.2651217,ACR Heron and Egret telemetry project
7462310968,00:34.0,-122.8125884,38.2648524,ACR Heron and Egret telemetry project
7462311264,00:34.0,-122.8127117,38.2650752,ACR Heron and Egret telemetry project
7462311537,00:31.0,-122.9235097,38.2179594,ACR Heron and Egret telemetry project
7462311549,00:32.0,-122.9238578,38.2169465,ACR Heron and Egret telemetry project
7462311561,00:30.0,-122.9234638,38.2175039,ACR Heron and Egret telemetry project
7462311870,00:38.0,-122.9235335,38.2175022,ACR Heron and Egret telemetry project
7462314340,00:38.0,-122.8128535,38.26515,ACR Heron and Egret telemetry project
7462315479,00:36.0,-122.8122794,38.2645382,ACR Heron and Egret telemetry project
7462317806,00:35.0,-122.8127428,38.2650912,ACR Heron and Egret telemetry project
7462318079,00:33.0,-122.8127592,38.2651084,ACR Heron and Egret telemetry project
7462320110,00:32.0,-122.8115197,38.2653559,ACR Heron and Egret telemetry project
7462320347,00:30.0,-122.8127122,38.2651269,ACR Heron and Egret telemetry project
7517215563,00:30.0,-122.8127987,38.265045,ACR Heron and Egret telemetry project
7517215848,00:37.0,-122.8125906,38.2649757,ACR Heron and Egret telemetry project
7517216097,00:36.0,-122.8124526,38.2651124,ACR Heron and Egret telemetry project
7517216157,00:38.0,-122.8126237,38.2650909,ACR Heron and Egret telemetry project
7603034791,00:33.0,-122.9236205,38.2176138,ACR Heron and Egret telemetry project
7603034803,00:34.0,-122.9236783,38.217578,ACR Heron and Egret telemetry project
8377324249,00:35.0,-122.8684745,38.2635535,ACR Heron and Egret telemetry project
8377326597,00:30.0,-122.7853785,38.2466431,ACR Heron and Egret telemetry project
8377327167,00:39.0,-122.7854182,38.2465383,ACR Heron and Egret telemetry project
8377331145,00:38.0,-122.9103357,38.2741597,ACR Heron and Egret telemetry project
8377332060,00:38.0,-122.9104439,38.2742107,ACR Heron and Egret telemetry project
8377332963,00:30.0,-122.9080113,38.2746154,ACR Heron and Egret telemetry project
8377332975,00:39.0,-122.9104511,38.2742155,ACR Heron and Egret telemetry project
8377335552,00:38.0,-122.9098074,38.2737873,ACR Heron and Egret telemetry project
8377335729,00:30.0,-122.9103296,38.274095,ACR Heron and Egret telemetry project
8377336608,00:35.0,-122.9104672,38.2740854,ACR Heron and Egret telemetry project
8377337475,00:36.0,-122.9104073,38.2741734,ACR Heron and Egret telemetry project
8377338081,00:31.0,-122.9004521,38.2738652,ACR Heron and Egret telemetry project
8377339754,00:30.0,-122.9098684,38.2774051,ACR Heron and Egret telemetry project
8377340669,00:34.0,-122.9105078,38.2740151,ACR Heron and Egret telemetry project
8377342556,00:30.0,-122.9000002,38.2744241,ACR Heron and Egret telemetry project
8377343174,00:34.0,-122.9104377,38.2742761,ACR Heron and Egret telemetry project
8377346891,00:32.0,-122.8735014,38.2758474,ACR Heron and Egret telemetry project
8665994731,00:32.0,-122.9103908,38.2742255,ACR Heron and Egret telemetry project
8665996773,00:38.0,-122.8734862,38.2758603,ACR Heron and Egret telemetry project
8665996998,00:36.0,-122.8734412,38.2758225,ACR Heron and Egret telemetry project
8665997604,00:39.0,-122.8735409,38.2758836,ACR Heron and Egret telemetry project
8665998769,00:39.0,-122.8735287,38.2759028,ACR Heron and Egret telemetry project
9206867777,00:34.0,-122.8737917,38.27591,ACR Heron and Egret telemetry project
9206871245,00:38.0,-122.7842445,38.246368,ACR Heron and Egret telemetry project
9206872373,00:30.0,-122.7958547,38.2530208,ACR Heron and Egret telemetry project
9206875175,00:30.0,-122.7852687,38.2467223,ACR Heron and Egret telemetry project
10255858643,00:38.0,-122.7870959,38.254399,ACR Heron and Egret telemetry project
10255861480,00:30.0,-122.7816369,38.2509357,ACR Heron and Egret telemetry project
10255877847,00:38.0,-122.9104075,38.2741329,ACR Heron and Egret telemetry project
10255878750,00:30.0,-122.9233144,38.2177184,ACR Heron and Egret telemetry project
10435067311,00:31.0,-122.9236122,38.2176988,ACR Heron and Egret telemetry project
10435067371,00:38.0,-122.9238263,38.2174301,ACR Heron and Egret telemetry project
10435068427,00:38.0,-122.9235064,38.2176404,ACR Heron and Egret telemetry project
10580575995,00:33.0,-122.9233149,38.2176252,ACR Heron and Egret telemetry project
10580576019,00:30.0,-122.9234279,38.217488,ACR Heron and Egret telemetry project
10580576079,00:35.0,-122.9240007,38.2174881,ACR Heron and Egret telemetry project
10580576091,00:31.0,-122.9234747,38.2174854,ACR Heron and Egret telemetry project
10580576316,00:37.0,-122.9234193,38.2176063,ACR Heron and Egret telemetry project
10580576364,00:30.0,-122.9235597,38.2176391,ACR Heron and Egret telemetry project
10580577207,00:32.0,-122.9236649,38.2175639,ACR Heron and Egret telemetry project
10616536636,00:30.0,-122.9233625,38.2175074,ACR Heron and Egret telemetry project
10616537277,00:30.0,-122.9232943,38.2176039,ACR Heron and Egret telemetry project
10616537478,00:35.0,-122.9234771,38.2176936,ACR Heron and Egret telemetry project
10655604298,00:31.0,-122.9237275,38.2172748,ACR Heron and Egret telemetry project
10715920796,00:39.0,-122.9235122,38.2175912,ACR Heron and Egret telemetry project
10715921045,00:39.0,-122.9242817,38.217581,ACR Heron and Egret telemetry project
10715921354,00:30.0,-122.9232698,38.2175057,ACR Heron and Egret telemetry project
10715921555,00:35.0,-122.9235724,38.2174093,ACR Heron and Egret telemetry project
11558893482,00:34.0,-122.9233582,38.2174026,ACR Heron and Egret telemetry project
11558894338,00:39.0,-122.9234246,38.2173475,ACR Heron and Egret telemetry project
11558895465,00:33.0,-122.9229789,38.2173968,ACR Heron and Egret telemetry project
11558895750,00:38.0,-122.9234259,38.2173522,ACR Heron and Egret telemetry project
11558895774,00:32.0,-122.9238269,38.2174818,ACR Heron and Egret telemetry project
11558896083,00:32.0,-122.9235228,38.2170748,ACR Heron and Egret telemetry project
11558897151,00:38.0,-122.9233322,38.2171964,ACR Heron and Egret telemetry project
11558898267,00:31.0,-122.9234094,38.2173385,ACR Heron and Egret telemetry project
11558898588,00:33.0,-122.9236566,38.2175096,ACR Heron and Egret telemetry project
11558898612,00:32.0,-122.923464,38.217406,ACR Heron and Egret telemetry project
11558898624,00:39.0,-122.9234281,38.2171814,ACR Heron and Egret telemetry project
11751193774,00:33.0,-122.9233375,38.2172931,ACR Heron and Egret telemetry project
11751193810,00:31.0,-122.9235094,38.2173068,ACR Heron and Egret telemetry project
11751194059,00:30.0,-122.9235918,38.2174432,ACR Heron and Egret telemetry project
11751194617,00:39.0,-122.9233659,38.2173944,ACR Heron and Egret telemetry project
11751194677,00:30.0,-122.9239618,38.2168984,ACR Heron and Egret telemetry project
11751194974,00:32.0,-122.9235717,38.2174756,ACR Heron and Egret telemetry project
11751195199,00:34.0,-122.9236559,38.217428,ACR Heron and Egret telemetry project
11751195472,00:32.0,-122.9234581,38.2174514,ACR Heron and Egret telemetry project
11751196018,00:33.0,-122.9233166,38.2173511,ACR Heron and Egret telemetry project
11751196363,00:30.0,-122.9235276,38.2171923,ACR Heron and Egret telemetry project
11751196588,00:30.0,-122.9233701,38.2173013,ACR Heron and Egret telemetry project
11751196885,00:36.0,-122.9236054,38.2175,ACR Heron and Egret telemetry project
11960214835,00:30.0,-122.9239151,38.217793,ACR Heron and Egret telemetry project
11960215417,00:34.0,-122.9236893,38.2171152,ACR Heron and Egret telemetry project
11960215429,00:36.0,-122.9235986,38.217332,ACR Heron and Egret telemetry project
12378472972,00:35.0,-122.9235536,38.2174435,ACR Heron and Egret telemetry project
3278996235,00:33.0,-122.9235382,38.2174697,ACR Heron and Egret telemetry project
3278996593,00:36.0,-122.9233869,38.2170305,ACR Heron and Egret telemetry project
3278996605,00:31.0,-122.9242176,38.2171317,ACR Heron and Egret telemetry project
3301405934,00:38.0,-122.7833819,38.1981296,ACR Heron and Egret telemetry project
3394529923,00:35.0,-122.9235551,38.2177163,ACR Heron and Egret telemetry project
3394530007,00:33.0,-122.9235684,38.2173771,ACR Heron and Egret telemetry project
3394530355,00:36.0,-122.7844518,38.1997924,ACR Heron and Egret telemetry project
3394532279,00:32.0,-122.9233522,38.2173833,ACR Heron and Egret telemetry project
3394532468,00:31.0,-122.9234122,38.2173172,ACR Heron and Egret telemetry project
3431253298,00:32.0,-122.9233858,38.2178064,ACR Heron and Egret telemetry project
3431254735,00:33.0,-122.9228096,38.2169038,ACR Heron and Egret telemetry project
3431254795,00:34.0,-122.9233508,38.2173595,ACR Heron and Egret telemetry project
3453962851,00:34.0,-122.9234145,38.2173938,ACR Heron and Egret telemetry project
3453963052,00:32.0,-122.9234429,38.2173427,ACR Heron and Egret telemetry project
3453963112,00:30.0,-122.9234356,38.2173822,ACR Heron and Egret telemetry project
3510139385,00:38.0,-122.9229921,38.2170377,ACR Heron and Egret telemetry project
3510140428,00:37.0,-122.9232114,38.2171765,ACR Heron and Egret telemetry project
3510141047,00:38.0,-122.7906143,38.1925611,ACR Heron and Egret telemetry project
3510141380,00:32.0,-122.7907628,38.1924499,ACR Heron and Egret telemetry project
3510142163,00:33.0,-122.9233172,38.2173442,ACR Heron and Egret telemetry project
3518666753,00:31.0,-122.9233874,38.2173521,ACR Heron and Egret telemetry project
3518667560,00:35.0,-122.7984907,38.2099233,ACR Heron and Egret telemetry project
3966580666,00:33.0,-121.0549904,38.2904408,ACR Heron and Egret telemetry project
3966588377,00:36.0,-121.0774769,38.2987776,ACR Heron and Egret telemetry project
3966588470,00:38.0,-121.0599172,38.2964892,ACR Heron and Egret telemetry project
3966588887,00:38.0,-121.0686686,38.3013708,ACR Heron and Egret telemetry project
3966590216,00:39.0,-121.0600721,38.2965942,ACR Heron and Egret telemetry project
3966590918,00:38.0,-121.0721203,38.3036223,ACR Heron and Egret telemetry project
4024453932,00:30.0,-121.5244221,38.6068613,ACR Heron and Egret telemetry project
4151915826,00:38.0,-121.100672,38.2892314,ACR Heron and Egret telemetry project
4785493991,00:35.0,-121.0989022,38.2913269,ACR Heron and Egret telemetry project
4785495764,00:38.0,-121.0661278,38.3006495,ACR Heron and Egret telemetry project
4785566657,00:38.0,-121.0661278,38.3006495,ACR Heron and Egret telemetry project
4878041378,00:34.0,-121.1071565,38.2845869,ACR Heron and Egret telemetry project
4878041804,00:30.0,-121.0994052,38.2907449,ACR Heron and Egret telemetry project
4878042113,00:37.0,-121.061172,38.2985828,ACR Heron and Egret telemetry project
4918856190,00:30.0,-121.1056611,38.2864175,ACR Heron and Egret telemetry project
5093720297,00:38.0,-121.0600477,38.2967964,ACR Heron and Egret telemetry project
5093720329,00:38.0,-121.0600104,38.2967976,ACR Heron and Egret telemetry project
5287674808,00:31.0,-121.0869584,38.3061222,ACR Heron and Egret telemetry project
5287675204,00:38.0,-121.0983607,38.2896397,ACR Heron and Egret telemetry project
5591380588,00:32.0,-121.0806795,38.3108808,ACR Heron and Egret telemetry project
5591386713,00:33.0,-121.0600961,38.2966886,ACR Heron and Egret telemetry project
5591388356,00:39.0,-121.0599159,38.2964959,ACR Heron and Egret telemetry project
5591390327,00:38.0,-122.9136692,38.1894055,ACR Heron and Egret telemetry project
5651387155,00:37.0,-122.9234128,38.2172778,ACR Heron and Egret telemetry project
5712174379,00:38.0,-122.9235617,38.2174626,ACR Heron and Egret telemetry project
5743183868,00:32.0,-122.9237068,38.2175802,ACR Heron and Egret telemetry project
5750983876,00:38.0,-122.9307396,38.2047957,ACR Heron and Egret telemetry project
5849739956,00:38.0,-122.9236523,38.2173459,ACR Heron and Egret telemetry project
5849740266,00:33.0,-122.9234222,38.2174257,ACR Heron and Egret telemetry project
5849741382,00:39.0,-122.923452,38.2174619,ACR Heron and Egret telemetry project
5962153645,00:31.0,-122.9232526,38.2173282,ACR Heron and Egret telemetry project
5962153693,00:37.0,-122.9234091,38.2172858,ACR Heron and Egret telemetry project
5962154026,00:35.0,-122.9233984,38.2173088,ACR Heron and Egret telemetry project
6106722251,00:38.0,-122.9236615,38.2174835,ACR Heron and Egret telemetry project
6106723640,00:30.0,-122.9233233,38.2175967,ACR Heron and Egret telemetry project
6106723676,00:30.0,-122.9235346,38.2175176,ACR Heron and Egret telemetry project
6106724458,00:33.0,-122.9235796,38.2174866,ACR Heron and Egret telemetry project
6133782114,00:35.0,-122.923436,38.217459,ACR Heron and Egret telemetry project
6213502055,00:31.0,-122.9235632,38.2173363,ACR Heron and Egret telemetry project
6213502577,00:30.0,-122.9234416,38.2172888,ACR Heron and Egret telemetry project
6213502898,00:39.0,-122.923243,38.2176423,ACR Heron and Egret telemetry project
6259279112,00:37.0,-122.9234914,38.2171838,ACR Heron and Egret telemetry project
6259279947,00:30.0,-122.9234147,38.2175022,ACR Heron and Egret telemetry project
6259280268,00:32.0,-122.9231217,38.2169925,ACR Heron and Egret telemetry project
6259281075,00:33.0,-122.9234704,38.2174929,ACR Heron and Egret telemetry project
6276699937,00:31.0,-122.9239303,38.2170863,ACR Heron and Egret telemetry project
6276699961,00:37.0,-122.9236234,38.2175265,ACR Heron and Egret telemetry project
6309440370,00:38.0,-122.9234728,38.2175571,ACR Heron and Egret telemetry project
6309440502,00:39.0,-122.9500174,38.2230463,ACR Heron and Egret telemetry project
6309440952,00:38.0,-122.923503,38.2175766,ACR Heron and Egret telemetry project
6133777227,00:38.0,-122.812559,38.2650508,ACR Heron and Egret telemetry project
6882744784,00:39.0,-119.9364759,35.9952142,ACR Heron and Egret telemetry project
7505539686,00:38.0,-119.9229659,36.005669,ACR Heron and Egret telemetry project
7634108552,00:38.0,-119.8793642,36.0502632,ACR Heron and Egret telemetry project
6842970446,00:31.0,-122.9234865,38.2175426,ACR Heron and Egret telemetry project
6842970506,00:35.0,-122.9235897,38.2173548,ACR Heron and Egret telemetry project
6842970779,00:33.0,-122.9237734,38.2173586,ACR Heron and Egret telemetry project
6842971289,00:31.0,-122.9238655,38.2175925,ACR Heron and Egret telemetry project
6842971337,00:34.0,-122.9234241,38.2175369,ACR Heron and Egret telemetry project
6842971574,00:31.0,-122.923592,38.2175939,ACR Heron and Egret telemetry project
6931868593,00:33.0,-122.9234442,38.2174333,ACR Heron and Egret telemetry project
6931868842,00:33.0,-122.9232604,38.2176308,ACR Heron and Egret telemetry project
6931872021,00:33.0,-122.923494,38.2171986,ACR Heron and Egret telemetry project
6931872033,00:36.0,-122.9235598,38.2174941,ACR Heron and Egret telemetry project
6931872234,00:36.0,-122.9234107,38.2175036,ACR Heron and Egret telemetry project
6931872258,00:32.0,-122.9233801,38.2175413,ACR Heron and Egret telemetry project
6931872294,00:34.0,-122.9234086,38.2175002,ACR Heron and Egret telemetry project
8333599865,00:30.0,-122.923357,38.2174703,ACR Heron and Egret telemetry project
8333601932,00:38.0,-122.9493639,38.2228408,ACR Heron and Egret telemetry project
8333602939,00:31.0,-122.949408,38.2279796,ACR Heron and Egret telemetry project
8333604400,00:30.0,-122.9235251,38.217436,ACR Heron and Egret telemetry project
8333606916,00:30.0,-122.9493027,38.2281441,ACR Heron and Egret telemetry project
8333608128,00:32.0,-122.9495508,38.2279185,ACR Heron and Egret telemetry project
8333608353,00:33.0,-122.9233678,38.2175523,ACR Heron and Egret telemetry project
8333608698,00:36.0,-122.949664,38.2282172,ACR Heron and Egret telemetry project
8333608710,00:30.0,-122.9492777,38.2282985,ACR Heron and Egret telemetry project
8333610383,00:37.0,-122.876743,38.3395451,ACR Heron and Egret telemetry project
8333610632,00:32.0,-122.9495036,38.2277747,ACR Heron and Egret telemetry project
8333616003,00:37.0,-122.876633,38.3401414,ACR Heron and Egret telemetry project
8333622119,00:39.0,-122.8215191,38.4837542,ACR Heron and Egret telemetry project
8333624018,00:32.0,-122.8770298,38.339893,ACR Heron and Egret telemetry project
8333626012,00:38.0,-122.8766152,38.3401127,ACR Heron and Egret telemetry project
8333626963,00:39.0,-122.8750258,38.3395221,ACR Heron and Egret telemetry project
8333627497,00:32.0,-122.8784748,38.3402093,ACR Heron and Egret telemetry project
8333627533,00:38.0,-122.8760437,38.3401646,ACR Heron and Egret telemetry project
8333627770,00:32.0,-122.8765615,38.3404343,ACR Heron and Egret telemetry project
8333630311,00:39.0,-122.8761046,38.3401195,ACR Heron and Egret telemetry project
8333630941,00:32.0,-122.8745669,38.3390966,ACR Heron and Egret telemetry project
8333633197,00:34.0,-122.8765123,38.3400382,ACR Heron and Egret telemetry project
8333633458,00:33.0,-122.8754758,38.3393691,ACR Heron and Egret telemetry project
8333634004,00:32.0,,,ACR Heron and Egret telemetry project
8364437861,00:38.0,-122.8541885,38.3130722,ACR Heron and Egret telemetry project
8371805791,00:39.0,-122.8541346,38.3130436,ACR Heron and Egret telemetry project
8375786342,00:38.0,-122.8540774,38.3130134,ACR Heron and Egret telemetry project
8640290302,00:31.0,-122.8765457,38.3402597,ACR Heron and Egret telemetry project
8640290884,00:33.0,-122.8539156,38.3127087,ACR Heron and Egret telemetry project
8802333842,00:38.0,-122.854292,38.313043,ACR Heron and Egret telemetry project
9159411290,00:39.0,-122.9435011,38.3124333,ACR Heron and Egret telemetry project
9159411992,00:38.0,-122.8541871,38.3129329,ACR Heron and Egret telemetry project
9159413357,00:31.0,-122.8765878,38.3400369,ACR Heron and Egret telemetry project
9185441794,00:33.0,-122.8543029,38.3130677,ACR Heron and Egret telemetry project
9185442292,00:31.0,-122.8762065,38.3402722,ACR Heron and Egret telemetry project
9185443279,00:30.0,-122.8764654,38.3401384,ACR Heron and Egret telemetry project
9185445761,00:34.0,-122.8557213,38.3137245,ACR Heron and Egret telemetry project
9296658430,00:33.0,-122.854498,38.313248,ACR Heron and Egret telemetry project
9296658434,00:35.0,,,ACR Heron and Egret telemetry project
9296658438,00:31.0,-122.8543821,38.3132151,ACR Heron and Egret telemetry project
9296658512,00:36.0,-122.8424409,38.3053263,ACR Heron and Egret telemetry project
9296659037,00:31.0,-122.8765954,38.3403778,ACR Heron and Egret telemetry project
9296659484,00:31.0,-122.8753373,38.3401016,ACR Heron and Egret telemetry project
9382218962,00:39.0,-122.8762368,38.3403152,ACR Heron and Egret telemetry project
9563727273,00:31.0,-122.8766321,38.3403905,ACR Heron and Egret telemetry project
9563728912,00:38.0,-122.9627517,38.2136537,ACR Heron and Egret telemetry project
9563729317,00:32.0,-122.9136142,38.1894557,ACR Heron and Egret telemetry project
9949146003,00:39.0,-122.9496178,38.2289792,ACR Heron and Egret telemetry project
9949146798,00:35.0,-122.737933,38.4418284,ACR Heron and Egret telemetry project
9949147365,00:36.0,-122.7379092,38.4418081,ACR Heron and Egret telemetry project
9971229797,00:38.0,-122.9233946,38.2172042,ACR Heron and Egret telemetry project
9971229845,00:34.0,-122.9238087,38.2173417,ACR Heron and Egret telemetry project
10150576948,00:30.0,-122.9234558,38.2175483,ACR Heron and Egret telemetry project
10150577196,00:36.0,-122.9498351,38.2289509,ACR Heron and Egret telemetry project
10150577944,00:38.0,-122.9135301,38.1895805,ACR Heron and Egret telemetry project
10220631676,00:37.0,-122.9496735,38.2284484,ACR Heron and Egret telemetry project
10220631734,00:36.0,-122.9497808,38.2286536,ACR Heron and Egret telemetry project
10255880422,00:31.0,-122.9234665,38.2175147,ACR Heron and Egret telemetry project
10506688199,00:34.0,-122.9234771,38.2174523,ACR Heron and Egret telemetry project
10598221463,00:35.0,-122.9230028,38.217382,ACR Heron and Egret telemetry project
10598221475,00:34.0,-122.9235399,38.2177218,ACR Heron and Egret telemetry project
10598221724,00:35.0,-122.9235063,38.2174938,ACR Heron and Egret telemetry project
10598221736,00:37.0,-122.923548,38.2175386,ACR Heron and Egret telemetry project
11003026792,00:39.0,-122.9234491,38.2174139,ACR Heron and Egret telemetry project
11003026816,00:36.0,-122.9234948,38.2173916,ACR Heron and Egret telemetry project
11131819314,00:39.0,-122.9235584,38.2174901,ACR Heron and Egret telemetry project
11131819482,00:36.0,-122.9135628,38.1893613,ACR Heron and Egret telemetry project
11558901451,00:32.0,-122.9235254,38.2176489,ACR Heron and Egret telemetry project
11558901676,00:37.0,-122.9240049,38.2177578,ACR Heron and Egret telemetry project
11558902234,00:38.0,-122.9235053,38.2174865,ACR Heron and Egret telemetry project
11558902354,00:32.0,-122.9232116,38.21756,ACR Heron and Egret telemetry project
11558902900,00:38.0,-122.9234406,38.2175356,ACR Heron and Egret telemetry project
11558902912,00:39.0,-122.9234654,38.2175034,ACR Heron and Egret telemetry project
11558902924,00:36.0,-122.9235344,38.2173424,ACR Heron and Egret telemetry project
11558903101,00:35.0,-122.9234957,38.2175006,ACR Heron and Egret telemetry project
11558903137,00:37.0,-122.9235355,38.2175016,ACR Heron and Egret telemetry project
11558903386,00:38.0,-122.9235433,38.2175827,ACR Heron and Egret telemetry project
11558903446,00:35.0,-122.9234792,38.217461,ACR Heron and Egret telemetry project
11558904004,00:30.0,-122.9235213,38.2176082,ACR Heron and Egret telemetry project
11558904064,00:32.0,-122.923483,38.2175221,ACR Heron and Egret telemetry project
11558904228,00:32.0,-122.9494355,38.2279488,ACR Heron and Egret telemetry project
11558904858,00:36.0,-122.9235821,38.2176756,ACR Heron and Egret telemetry project
11558904882,00:34.0,-122.9237839,38.2174119,ACR Heron and Egret telemetry project
11751197971,00:38.0,-122.9233708,38.2174677,ACR Heron and Egret telemetry project
11751199455,00:30.0,-122.9494702,38.2277495,ACR Heron and Egret telemetry project
11751199764,00:35.0,-122.9495088,38.2279446,ACR Heron and Egret telemetry project
11960216618,00:31.0,-122.923522,38.2175814,ACR Heron and Egret telemetry project
11960216903,00:35.0,-122.9235292,38.2176889,ACR Heron and Egret telemetry project
11960216927,00:30.0,-122.9234255,38.2175488,ACR Heron and Egret telemetry project
11960216951,00:39.0,-122.9236223,38.2175448,ACR Heron and Egret telemetry project
11960217521,00:32.0,-122.9495493,38.2278973,ACR Heron and Egret telemetry project
11960217782,00:34.0,-122.949787,38.2279966,ACR Heron and Egret telemetry project
11960218007,00:30.0,-122.9496583,38.2278889,ACR Heron and Egret telemetry project
11960218850,00:30.0,-122.9237509,38.2174286,ACR Heron and Egret telemetry project
11960218862,00:31.0,-122.9233443,38.2174523,ACR Heron and Egret telemetry project
12378514945,00:33.0,-122.9494279,38.2276896,ACR Heron and Egret telemetry project
12378515230,00:33.0,-122.9490889,38.2271661,ACR Heron and Egret telemetry project
12378515490,00:31.0,-122.9495018,38.2279633,ACR Heron and Egret telemetry project
12378516093,00:39.0,-122.9671374,38.2328602,ACR Heron and Egret telemetry project
12378516187,00:33.0,-122.9233929,38.2176591,ACR Heron and Egret telemetry project
12378516195,00:34.0,-122.9234334,38.2176438,ACR Heron and Egret telemetry project
12378516715,00:30.0,-122.9494328,38.2277524,ACR Heron and Egret telemetry project
12378517321,00:32.0,-122.949616,38.2278225,ACR Heron and Egret telemetry project
12378517522,00:38.0,-122.9495895,38.2280814,ACR Heron and Egret telemetry project
12378518983,00:31.0,-122.9495617,38.2280034,ACR Heron and Egret telemetry project
12378519469,00:38.0,-122.9495483,38.2233041,ACR Heron and Egret telemetry project
12378519802,00:38.0,-122.9493709,38.2279477,ACR Heron and Egret telemetry project
12378519814,00:31.0,-122.9497263,38.2279956,ACR Heron and Egret telemetry project
12378519826,00:30.0,-122.9493165,38.2280954,ACR Heron and Egret telemetry project
12378520099,00:33.0,-122.9495827,38.2278732,ACR Heron and Egret telemetry project
12378520741,00:37.0,-122.949326,38.2279881,ACR Heron and Egret telemetry project
12378521215,00:36.0,-122.9495862,38.2279469,ACR Heron and Egret telemetry project
12378521239,00:31.0,-122.9495754,38.2280104,ACR Heron and Egret telemetry project
12378521596,00:30.0,-122.9494364,38.2279495,ACR Heron and Egret telemetry project
12378523068,00:38.0,-122.9674493,38.2350809,ACR Heron and Egret telemetry project
13579904336,00:35.0,-122.9495698,38.2280569,ACR Heron and Egret telemetry project
13579904645,00:31.0,-122.9496868,38.2280073,ACR Heron and Egret telemetry project
13579905131,00:32.0,-122.9496983,38.2280249,ACR Heron and Egret telemetry project
13579906568,00:34.0,-122.9495446,38.2280262,ACR Heron and Egret telemetry project
13579909418,00:39.0,-122.94977,38.2283484,ACR Heron and Egret telemetry project
13579910036,00:39.0,-122.9494931,38.2280457,ACR Heron and Egret telemetry project
13579913111,00:31.0,-122.9194654,38.0701325,ACR Heron and Egret telemetry project
13579913717,00:32.0,-122.9193192,38.0701007,ACR Heron and Egret telemetry project
13579913954,00:31.0,-122.9195595,38.0696908,ACR Heron and Egret telemetry project
13579914240,00:37.0,-122.919336,38.0701054,ACR Heron and Egret telemetry project
13579914585,00:30.0,-122.919243,38.0701526,ACR Heron and Egret telemetry project
13579914774,00:33.0,-122.9194191,38.0697259,ACR Heron and Egret telemetry project
13579914822,00:32.0,-122.9191994,38.0700845,ACR Heron and Egret telemetry project
13579914906,00:30.0,-122.9203908,38.0706803,ACR Heron and Egret telemetry project
13579915779,00:39.0,-122.9192323,38.0702082,ACR Heron and Egret telemetry project
13579915783,00:38.0,-122.9192409,38.0701418,ACR Heron and Egret telemetry project
13579916839,00:38.0,-122.9193074,38.0701947,ACR Heron and Egret telemetry project
13579916919,00:38.0,-122.9189274,38.0709462,ACR Heron and Egret telemetry project
13579916951,00:34.0,-122.8463125,38.04724,ACR Heron and Egret telemetry project
13579917353,00:34.0,-122.9193782,38.0702072,ACR Heron and Egret telemetry project
13579917461,00:38.0,-122.9192956,38.0702314,ACR Heron and Egret telemetry project
13579917923,00:38.0,-122.9193465,38.0700446,ACR Heron and Egret telemetry project
13579921151,00:30.0,-122.9194693,38.0700041,ACR Heron and Egret telemetry project
13579921209,00:33.0,-122.9195895,38.0702568,ACR Heron and Egret telemetry project
14033337387,00:39.0,-122.7992413,38.4126145,ACR Heron and Egret telemetry project
14033337423,00:31.0,-122.7987219,38.4125673,ACR Heron and Egret telemetry project
14033337523,00:30.0,-122.7994087,38.412631,ACR Heron and Egret telemetry project
14033337625,00:38.0,-122.7991403,38.4124188,ACR Heron and Egret telemetry project
14033338084,00:37.0,-122.7993996,38.4125189,ACR Heron and Egret telemetry project
14033338088,00:31.0,-122.7992174,38.4127711,ACR Heron and Egret telemetry project
14033338321,00:38.0,-122.7992752,38.4126939,ACR Heron and Egret telemetry project
14033338619,00:39.0,-122.7991449,38.4126461,ACR Heron and Egret telemetry project
14033339479,00:33.0,-122.7990598,38.412481,ACR Heron and Egret telemetry project
14033339495,00:32.0,-122.7989103,38.4125999,ACR Heron and Egret telemetry project
14033339921,00:39.0,-122.7992473,38.4125641,ACR Heron and Egret telemetry project
14033340030,00:37.0,-122.7990785,38.4124602,ACR Heron and Egret telemetry project
14033340707,00:32.0,-122.7991877,38.4125156,ACR Heron and Egret telemetry project
14033342681,00:33.0,-122.7993646,38.4124791,ACR Heron and Egret telemetry project
14033343738,00:38.0,-122.7992175,38.4125529,ACR Heron and Egret telemetry project
14033343878,00:38.0,-122.7993624,38.4128152,ACR Heron and Egret telemetry project
14033343898,00:35.0,-122.799622,38.4128859,ACR Heron and Egret telemetry project
14033344075,00:34.0,-122.7983358,38.4123387,ACR Heron and Egret telemetry project
14033344463,00:39.0,-122.7993117,38.4125556,ACR Heron and Egret telemetry project
14033344483,00:31.0,-122.7983289,38.412268,ACR Heron and Egret telemetry project
14033344491,00:34.0,-122.7994021,38.4122182,ACR Heron and Egret telemetry project
14033344507,00:38.0,-122.7990594,38.412277,ACR Heron and Egret telemetry project
14033344934,00:37.0,-122.7993521,38.4127331,ACR Heron and Egret telemetry project
14033344938,00:31.0,-122.799194,38.4124155,ACR Heron and Egret telemetry project
14033345094,00:34.0,-122.7992768,38.4126663,ACR Heron and Egret telemetry project
14033345699,00:30.0,-122.7984913,38.4120432,ACR Heron and Egret telemetry project
14033346175,00:38.0,-122.7886795,38.4434432,ACR Heron and Egret telemetry project
14033346772,00:31.0,-122.7969832,38.4326967,ACR Heron and Egret telemetry project
14033347434,00:32.0,-122.8757935,38.3401742,ACR Heron and Egret telemetry project
14033347735,00:31.0,-122.8765915,38.3399204,ACR Heron and Egret telemetry project
14033347739,00:33.0,-122.8765547,38.3402632,ACR Heron and Egret telemetry project
14033347743,00:34.0,-122.8767599,38.3400742,ACR Heron and Egret telemetry project
14033348488,00:39.0,-122.8765885,38.3400595,ACR Heron and Egret telemetry project
14033349550,00:34.0,-122.9495978,38.2282655,ACR Heron and Egret telemetry project
14033350875,00:35.0,-122.9233369,38.21751,ACR Heron and Egret telemetry project
14033350911,00:35.0,-122.9233159,38.2174631,ACR Heron and Egret telemetry project
14033351498,00:30.0,-122.9231783,38.2171772,ACR Heron and Egret telemetry project
14033352026,00:39.0,-122.923374,38.2174854,ACR Heron and Egret telemetry project
14033352239,00:30.0,-122.9235722,38.2175673,ACR Heron and Egret telemetry project
14033352548,00:39.0,-122.9234445,38.2174825,ACR Heron and Egret telemetry project
14033353070,00:39.0,-122.9234541,38.2174173,ACR Heron and Egret telemetry project
14033353638,00:30.0,-122.9234956,38.2174853,ACR Heron and Egret telemetry project
14033353758,00:35.0,-122.9236625,38.2174788,ACR Heron and Egret telemetry project
14033353947,00:35.0,-122.9235485,38.2175595,ACR Heron and Egret telemetry project
14033353959,00:30.0,-122.9233442,38.2177603,ACR Heron and Egret telemetry project
14033353971,00:31.0,-122.9234789,38.2176752,ACR Heron and Egret telemetry project
14033353983,00:30.0,-122.9233696,38.2175836,ACR Heron and Egret telemetry project
14033354208,00:31.0,-122.9237841,38.2175074,ACR Heron and Egret telemetry project
14694653643,00:34.0,-122.9903566,38.3133675,ACR Heron and Egret telemetry project
14694653940,00:31.0,-122.9905184,38.3134217,ACR Heron and Egret telemetry project
14694654024,00:35.0,-122.9901194,38.3133878,ACR Heron and Egret telemetry project
14694654533,00:38.0,-122.9903119,38.3132544,ACR Heron and Egret telemetry project
14694654760,00:34.0,-122.9902578,38.3132044,ACR Heron and Egret telemetry project
14694654998,00:32.0,-122.9902646,38.313236,ACR Heron and Egret telemetry project
14694655757,00:32.0,-122.9907416,38.3133646,ACR Heron and Egret telemetry project
14694657408,00:31.0,-122.7959466,38.4325302,ACR Heron and Egret telemetry project
14694658208,00:36.0,-122.990317,38.3132405,ACR Heron and Egret telemetry project
14694658493,00:36.0,-122.9899499,38.3130752,ACR Heron and Egret telemetry project
14694658673,00:34.0,-122.9904179,38.3132987,ACR Heron and Egret telemetry project
14694658781,00:30.0,-122.9905448,38.3133237,ACR Heron and Egret telemetry project
14694658970,00:39.0,-122.9902404,38.313357,ACR Heron and Egret telemetry project
14694659897,00:36.0,-122.9234386,38.2173902,ACR Heron and Egret telemetry project
14694660134,00:32.0,-122.9235594,38.2176236,ACR Heron and Egret telemetry project
14694660953,00:34.0,-122.9234739,38.2174929,ACR Heron and Egret telemetry project
14694661880,00:31.0,-122.9234644,38.2172542,ACR Heron and Egret telemetry project
14694661892,00:39.0,-122.9234934,38.2175604,ACR Heron and Egret telemetry project
14694662105,00:31.0,-122.9238768,38.2175903,ACR Heron and Egret telemetry project
14694662366,00:32.0,-122.9234371,38.217175,ACR Heron and Egret telemetry project
14694663230,00:37.0,-122.9229662,38.2187859,ACR Heron and Egret telemetry project
14694663314,00:33.0,-122.9235987,38.2175367,ACR Heron and Egret telemetry project
14694663884,00:39.0,-122.9235522,38.2174431,ACR Heron and Egret telemetry project
14694664156,00:30.0,-122.9235338,38.217534,ACR Heron and Egret telemetry project
14694664690,00:32.0,-122.9235738,38.2179067,ACR Heron and Egret telemetry project
14694664726,00:33.0,-122.9236618,38.2176008,ACR Heron and Egret telemetry project
14694665483,00:30.0,-122.9234231,38.2174572,ACR Heron and Egret telemetry project
14694665531,00:32.0,-122.9235549,38.2177161,ACR Heron and Egret telemetry project
14694667525,00:32.0,-122.9235803,38.2174979,ACR Heron and Egret telemetry project
14694667585,00:31.0,-122.9234346,38.2173751,ACR Heron and Egret telemetry project
14694667845,00:31.0,-122.9234657,38.2175373,ACR Heron and Egret telemetry project
14694668069,00:33.0,-122.9234786,38.2176168,ACR Heron and Egret telemetry project
14694668093,00:31.0,-122.9235241,38.2177022,ACR Heron and Egret telemetry project
14694668141,00:34.0,-122.9237321,38.2173523,ACR Heron and Egret telemetry project
14694668414,00:31.0,-122.9234392,38.2172485,ACR Heron and Egret telemetry project
14694669506,00:34.0,-122.9235114,38.2175705,ACR Heron and Egret telemetry project
14694670658,00:38.0,-122.9495312,38.228977,ACR Heron and Egret telemetry project
14694672343,00:30.0,-122.9233671,38.2174372,ACR Heron and Egret telemetry project
14694672391,00:33.0,-122.9234216,38.2176129,ACR Heron and Egret telemetry project
14694672640,00:32.0,-122.923579,38.2175437,ACR Heron and Egret telemetry project
14694672652,00:39.0,-122.9235044,38.2176066,ACR Heron and Egret telemetry project
14880968185,00:35.0,-122.9235221,38.2171797,ACR Heron and Egret telemetry project
14880968209,00:33.0,-122.923709,38.217582,ACR Heron and Egret telemetry project
14880968221,00:37.0,-122.923427,38.2173173,ACR Heron and Egret telemetry project
14880969505,00:38.0,-122.9579437,38.2475293,ACR Heron and Egret telemetry project
14880969635,00:30.0,-122.9499907,38.2289064,ACR Heron and Egret telemetry project
14880970811,00:35.0,-122.9498746,38.23046,ACR Heron and Egret telemetry project
14880971642,00:36.0,-122.9233278,38.2175161,ACR Heron and Egret telemetry project
14880974160,00:35.0,-122.9233484,38.2174954,ACR Heron and Egret telemetry project
14880974232,00:33.0,-122.9234164,38.2174263,ACR Heron and Egret telemetry project
14898219165,00:33.0,-122.9494972,38.2279433,ACR Heron and Egret telemetry project
14963808930,00:31.0,-122.9234884,38.2173865,ACR Heron and Egret telemetry project
14963810045,00:30.0,-122.9236847,38.2177041,ACR Heron and Egret telemetry project
14963810093,00:34.0,-122.9233464,38.2175732,ACR Heron and Egret telemetry project
14963810366,00:39.0,-122.9496872,38.2291592,ACR Heron and Egret telemetry project
14963810663,00:31.0,-122.9493598,38.2282859,ACR Heron and Egret telemetry project
15040817653,00:30.0,-122.923429,38.2175928,ACR Heron and Egret telemetry project
15040817665,00:30.0,-122.9234397,38.2175492,ACR Heron and Egret telemetry project
15040817677,00:33.0,-122.9232016,38.2168921,ACR Heron and Egret telemetry project
15040818223,00:33.0,-122.9228472,38.217942,ACR Heron and Egret telemetry project
15040818757,00:30.0,-122.9234654,38.2175298,ACR Heron and Egret telemetry project
15040818781,00:36.0,-122.9235449,38.2176589,ACR Heron and Egret telemetry project
17623123771,00:30.0,-122.949587,38.2280499,ACR Heron and Egret telemetry project
17623124032,00:39.0,-122.9494359,38.2279953,ACR Heron and Egret telemetry project
17623124080,00:30.0,-122.949155,38.2279199,ACR Heron and Egret telemetry project
17623124104,00:34.0,-122.949211,38.2280872,ACR Heron and Egret telemetry project
17623124662,00:32.0,-122.9234948,38.2176743,ACR Heron and Egret telemetry project
17623124863,00:30.0,-122.9235483,38.2178212,ACR Heron and Egret telemetry project
17623124899,00:32.0,-122.9233167,38.2176312,ACR Heron and Egret telemetry project
17623124911,00:31.0,-122.9241307,38.2172609,ACR Heron and Egret telemetry project
17623125505,00:37.0,-122.9235091,38.2174027,ACR Heron and Egret telemetry project
17623125718,00:33.0,-122.9495347,38.2279581,ACR Heron and Egret telemetry project
17623125754,00:32.0,-122.9494342,38.228172,ACR Heron and Egret telemetry project
17623125778,00:34.0,-122.9495117,38.2280555,ACR Heron and Egret telemetry project
17623126051,00:38.0,-122.9235341,38.2176103,ACR Heron and Egret telemetry project
17623126075,00:30.0,-122.9234984,38.2175813,ACR Heron and Egret telemetry project
17623126609,00:30.0,-122.9234055,38.2175113,ACR Heron and Egret telemetry project
17623126621,00:30.0,-122.9234956,38.217481,ACR Heron and Egret telemetry project
17623126870,00:37.0,-122.9234214,38.2175015,ACR Heron and Egret telemetry project
17623126930,00:34.0,-122.9236668,38.2172243,ACR Heron and Egret telemetry project
17623126942,00:32.0,-122.9235659,38.2174129,ACR Heron and Egret telemetry project
17623127167,00:30.0,-122.9233092,38.217558,ACR Heron and Egret telemetry project
17623127203,00:30.0,-122.9235117,38.217434,ACR Heron and Egret telemetry project
17623127416,00:35.0,-122.9237087,38.217445,ACR Heron and Egret telemetry project
17623127773,00:31.0,-122.9494723,38.2280753,ACR Heron and Egret telemetry project
17623128592,00:37.0,-122.949452,38.228079,ACR Heron and Egret telemetry project
17623128865,00:30.0,-122.9234331,38.2174969,ACR Heron and Egret telemetry project
17623129471,00:33.0,-122.9235403,38.2175426,ACR Heron and Egret telemetry project
17623129804,00:39.0,-122.923528,38.2174759,ACR Heron and Egret telemetry project
17623131205,00:37.0,-122.9495407,38.2280907,ACR Heron and Egret telemetry project
17623131478,00:34.0,-122.9238298,38.2172901,ACR Heron and Egret telemetry project
17623131526,00:37.0,-122.9236893,38.2175988,ACR Heron and Egret telemetry project
17623131751,00:31.0,-122.9235118,38.2174589,ACR Heron and Egret telemetry project
17623131775,00:30.0,-122.9236222,38.2175856,ACR Heron and Egret telemetry project
17623132024,00:33.0,-122.9497736,38.2277671,ACR Heron and Egret telemetry project
17623132060,00:38.0,-122.9495527,38.2280439,ACR Heron and Egret telemetry project
17623132878,00:30.0,-122.949404,38.2278394,ACR Heron and Egret telemetry project
17623133175,00:32.0,-122.9495539,38.2280204,ACR Heron and Egret telemetry project
17623135206,00:36.0,-122.9493775,38.2281019,ACR Heron and Egret telemetry project
17623136322,00:38.0,-122.949644,38.2280902,ACR Heron and Egret telemetry project
17623136856,00:37.0,-122.9496105,38.2280135,ACR Heron and Egret telemetry project
17623137710,00:38.0,-122.9447444,38.2203173,ACR Heron and Egret telemetry project
17623138067,00:34.0,-122.8999858,38.1662932,ACR Heron and Egret telemetry project
17623138601,00:36.0,-122.8998401,38.166127,ACR Heron and Egret telemetry project
17623139384,00:31.0,-122.9494575,38.2278597,ACR Heron and Egret telemetry project
17623140037,00:32.0,-122.9027625,38.1196308,ACR Heron and Egret telemetry project
17623141698,00:31.0,-122.9410233,38.0353371,ACR Heron and Egret telemetry project
17623141746,00:30.0,-122.9410621,38.0351815,ACR Heron and Egret telemetry project
17623143134,00:32.0,-122.9409054,38.0351353,ACR Heron and Egret telemetry project
17623143395,00:37.0,-122.9409478,38.0351342,ACR Heron and Egret telemetry project
17623143431,00:36.0,-122.9411062,38.0351591,ACR Heron and Egret telemetry project
17623144165,00:32.0,-122.9190871,38.0701794,ACR Heron and Egret telemetry project
17623144699,00:39.0,-122.9410423,38.0353563,ACR Heron and Egret telemetry project
17623144971,00:36.0,-122.9411424,38.0353704,ACR Heron and Egret telemetry project
17623144983,00:30.0,-122.9410459,38.0350096,ACR Heron and Egret telemetry project
17623145031,00:37.0,-122.9409212,38.0353642,ACR Heron and Egret telemetry project
17623145091,00:31.0,-122.9410876,38.0353229,ACR Heron and Egret telemetry project
17623146087,00:38.0,-122.9368231,38.0469357,ACR Heron and Egret telemetry project
17623146111,00:31.0,-122.9411088,38.0351313,ACR Heron and Egret telemetry project
17623146444,00:39.0,-122.9410886,38.0353597,ACR Heron and Egret telemetry project
17623147607,00:39.0,-122.9412532,38.0352923,ACR Heron and Egret telemetry project
17623147904,00:30.0,-122.94101,38.0351667,ACR Heron and Egret telemetry project
17623149281,00:30.0,-122.9409967,38.0351225,ACR Heron and Egret telemetry project
17623150112,00:31.0,-122.9401837,38.0352086,ACR Heron and Egret telemetry project
17623150397,00:34.0,-122.9409466,38.035035,ACR Heron and Egret telemetry project
17623153343,00:32.0,-122.9409428,38.0351934,ACR Heron and Egret telemetry project
17623159218,00:38.0,-122.949543,38.2279723,ACR Heron and Egret telemetry project
17623159527,00:39.0,-122.9495333,38.2279568,ACR Heron and Egret telemetry project
17623160478,00:30.0,-122.9195051,38.0700063,ACR Heron and Egret telemetry project
17623162975,00:30.0,-122.9295164,38.104934,ACR Heron and Egret telemetry project
17623163022,00:37.0,-122.9247888,38.0595666,ACR Heron and Egret telemetry project
17623163579,00:38.0,-122.9350275,38.0501891,ACR Heron and Egret telemetry project
17623165004,00:38.0,-122.946474,38.0609189,ACR Heron and Egret telemetry project
17623167389,00:39.0,-122.8928881,38.0431678,ACR Heron and Egret telemetry project
17623167906,00:38.0,-122.8929112,38.0430059,ACR Heron and Egret telemetry project
17623167980,00:39.0,-122.8926994,38.0429941,ACR Heron and Egret telemetry project
17623168244,00:38.0,-122.8926812,38.0426456,ACR Heron and Egret telemetry project
17623168481,00:38.0,-122.8928011,38.0427891,ACR Heron and Egret telemetry project
17623169544,00:31.0,-122.8928809,38.0429288,ACR Heron and Egret telemetry project
17623169800,00:36.0,-122.9122042,38.0405145,ACR Heron and Egret telemetry project
17623170600,00:30.0,-122.8930362,38.0429149,ACR Heron and Egret telemetry project
17623171526,00:39.0,-122.8928652,38.0427773,ACR Heron and Egret telemetry project
17623172774,00:39.0,-122.9331734,38.0548586,ACR Heron and Egret telemetry project
17623174812,00:35.0,-122.9233723,38.217368,ACR Heron and Egret telemetry project
17623174836,00:38.0,-122.9234003,38.2175056,ACR Heron and Egret telemetry project
17623175224,00:37.0,-122.7270496,38.3491138,ACR Heron and Egret telemetry project
17623176227,00:39.0,-122.7993011,38.4125347,ACR Heron and Egret telemetry project
17623177437,00:31.0,-122.797342,38.4114897,ACR Heron and Egret telemetry project
17623177681,00:38.0,-122.9233915,38.2173216,ACR Heron and Egret telemetry project
17623177748,00:32.0,-122.9234932,38.2174886,ACR Heron and Egret telemetry project
17623178077,00:30.0,-122.923561,38.2175871,ACR Heron and Egret telemetry project
18674030283,00:30.0,-122.8226922,38.4086007,ACR Heron and Egret telemetry project
18674030319,00:34.0,-122.8226575,38.4086727,ACR Heron and Egret telemetry project
18674030470,00:31.0,-122.8221011,38.4081961,ACR Heron and Egret telemetry project
18674030937,00:39.0,-122.8182935,38.4083437,ACR Heron and Egret telemetry project
18674032840,00:38.0,-122.8187105,38.4078579,ACR Heron and Egret telemetry project
18674032856,00:38.0,-122.8185633,38.4077526,ACR Heron and Egret telemetry project
18674035052,00:39.0,-122.8185118,38.4076841,ACR Heron and Egret telemetry project
18674035056,00:37.0,-122.8184745,38.407693,ACR Heron and Egret telemetry project
18674036152,00:39.0,-122.9234429,38.2174849,ACR Heron and Egret telemetry project
18674037317,00:34.0,-122.9495302,38.2281003,ACR Heron and Egret telemetry project
18674038208,00:39.0,-122.9494223,38.2280405,ACR Heron and Egret telemetry project
18674039251,00:30.0,-122.9233265,38.2176724,ACR Heron and Egret telemetry project
18674039455,00:38.0,-122.953079,38.2267053,ACR Heron and Egret telemetry project
18674039656,00:30.0,-122.9233776,38.2179716,ACR Heron and Egret telemetry project
18674040094,00:39.0,-122.9232958,38.2176959,ACR Heron and Egret telemetry project
18674040511,00:34.0,-122.9081363,38.3248512,ACR Heron and Egret telemetry project
18674041079,00:32.0,-122.8280425,38.4117103,ACR Heron and Egret telemetry project
18674041364,00:34.0,-122.8281415,38.4118696,ACR Heron and Egret telemetry project
18674041445,00:39.0,-122.8312504,38.4119886,ACR Heron and Egret telemetry project
18674041461,00:38.0,-122.8315738,38.4120412,ACR Heron and Egret telemetry project
18674042266,00:33.0,-122.8421293,38.4358292,ACR Heron and Egret telemetry project
18674044353,00:32.0,-122.8294809,38.4149559,ACR Heron and Egret telemetry project
18674045599,00:36.0,-122.8301594,38.4137768,ACR Heron and Egret telemetry project
18674046014,00:38.0,-122.8297048,38.4147082,ACR Heron and Egret telemetry project
18674046956,00:35.0,-122.8157134,38.4357505,ACR Heron and Egret telemetry project
18674047074,00:38.0,-122.8308789,38.4150829,ACR Heron and Egret telemetry project
18674047438,00:38.0,-122.8163776,38.4364555,ACR Heron and Egret telemetry project
18674048154,00:31.0,-122.8380703,38.4209593,ACR Heron and Egret telemetry project
18674048985,00:39.0,-122.9494216,38.227961,ACR Heron and Egret telemetry project
18674049306,00:34.0,-122.9497205,38.227952,ACR Heron and Egret telemetry project
18674050040,00:32.0,-122.9496011,38.2284373,ACR Heron and Egret telemetry project
18674050052,00:30.0,-122.9496056,38.2283378,ACR Heron and Egret telemetry project
18674050064,00:31.0,-122.9496784,38.228511,ACR Heron and Egret telemetry project
18674050815,00:31.0,,,ACR Heron and Egret telemetry project
18674050944,00:35.0,-122.9089691,38.2366963,ACR Heron and Egret telemetry project
18674050956,00:36.0,-122.908915,38.2365823,ACR Heron and Egret telemetry project
18674051171,00:31.0,-122.9087735,38.2366024,ACR Heron and Egret telemetry project
18674052437,00:31.0,-122.8346031,38.4201284,ACR Heron and Egret telemetry project
18674052974,00:39.0,-122.8289013,38.4234892,ACR Heron and Egret telemetry project
18674053457,00:38.0,-122.837522,38.4227173,ACR Heron and Egret telemetry project
18674053477,00:30.0,-122.8375554,38.4226212,ACR Heron and Egret telemetry project
18975543593,00:33.0,-122.9235628,38.2175613,ACR Heron and Egret telemetry project
18975544139,00:32.0,-122.9495559,38.2279697,ACR Heron and Egret telemetry project
18975544957,00:37.0,-122.9236764,38.2176178,ACR Heron and Egret telemetry project
18975544969,00:36.0,-122.9235141,38.2176963,ACR Heron and Egret telemetry project
18975544981,00:32.0,-122.9235226,38.2175824,ACR Heron and Egret telemetry project
18975545017,00:35.0,-122.9235815,38.2175576,ACR Heron and Egret telemetry project
19369943872,00:32.0,-122.9495779,38.2280298,ACR Heron and Egret telemetry project
19369944690,00:32.0,-122.9103059,38.2255101,ACR Heron and Egret telemetry project
19369945830,00:31.0,-122.856042,38.3134165,ACR Heron and Egret telemetry project
19369946850,00:34.0,-122.9446776,38.2203015,ACR Heron and Egret telemetry project
19369947159,00:31.0,-122.9495543,38.2280158,ACR Heron and Egret telemetry project
19369948025,00:30.0,-122.9494811,38.2276418,ACR Heron and Egret telemetry project
19369949843,00:33.0,-122.953971,38.2281482,ACR Heron and Egret telemetry project
19369950317,00:39.0,-122.9494765,38.2279786,ACR Heron and Egret telemetry project
19369950887,00:38.0,-122.9494593,38.2279928,ACR Heron and Egret telemetry project
19369951172,00:39.0,-122.9494485,38.2279727,ACR Heron and Egret telemetry project
19369951220,00:31.0,-122.9494163,38.2279557,ACR Heron and Egret telemetry project
19369951409,00:38.0,-122.9494859,38.2280323,ACR Heron and Egret telemetry project
19369951505,00:31.0,-122.9495172,38.2280086,ACR Heron and Egret telemetry project
19369951729,00:32.0,-122.9495774,38.227905,ACR Heron and Egret telemetry project
19369951789,00:34.0,-122.9496232,38.2279125,ACR Heron and Egret telemetry project
19369952002,00:39.0,-122.949441,38.227974,ACR Heron and Egret telemetry project
19369952026,00:31.0,-122.9491734,38.2276513,ACR Heron and Egret telemetry project
19369952086,00:32.0,-122.9504138,38.2276075,ACR Heron and Egret telemetry project
19369952218,00:30.0,-122.9495485,38.2279738,ACR Heron and Egret telemetry project
19369953734,00:32.0,-122.949445,38.2281572,ACR Heron and Egret telemetry project
19369955112,00:34.0,-122.9495595,38.2280346,ACR Heron and Egret telemetry project
19369955120,00:36.0,-122.949539,38.2277474,ACR Heron and Egret telemetry project
19369955128,00:36.0,-122.9495393,38.2280093,ACR Heron and Egret telemetry project
19369955259,00:30.0,-122.9496019,38.2280285,ACR Heron and Egret telemetry project
19369955652,00:36.0,-122.9489893,38.2282447,ACR Heron and Egret telemetry project
19369956506,00:31.0,-122.9494803,38.2280497,ACR Heron and Egret telemetry project
19369957277,00:30.0,-122.9495208,38.2282445,ACR Heron and Egret telemetry project
19369957361,00:34.0,-122.9494195,38.2280154,ACR Heron and Egret telemetry project
19369958119,00:38.0,-122.9446175,38.2200392,ACR Heron and Egret telemetry project
19369958488,00:32.0,-122.9234893,38.2175073,ACR Heron and Egret telemetry project
19369958500,00:31.0,-122.923681,38.2173863,ACR Heron and Egret telemetry project
19369958701,00:38.0,-122.949524,38.2279727,ACR Heron and Egret telemetry project
19369958761,00:30.0,-122.9495355,38.2281158,ACR Heron and Egret telemetry project
19369959046,00:33.0,-122.9496138,38.2282052,ACR Heron and Egret telemetry project
19369959331,00:39.0,-122.9495589,38.2280561,ACR Heron and Egret telemetry project
20009703757,00:30.0,-122.9235258,38.217351,ACR Heron and Egret telemetry project
20009703805,00:34.0,-122.9234056,38.2174957,ACR Heron and Egret telemetry project
20009704102,00:34.0,-122.949589,38.2280342,ACR Heron and Egret telemetry project
20009705751,00:30.0,-122.9496304,38.227907,ACR Heron and Egret telemetry project
20009706084,00:32.0,-122.9493947,38.2279982,ACR Heron and Egret telemetry project
20009706368,00:33.0,-122.9233761,38.2175982,ACR Heron and Egret telemetry project
20009706404,00:30.0,-122.9235392,38.2175159,ACR Heron and Egret telemetry project
20009706617,00:31.0,-122.923563,38.2175062,ACR Heron and Egret telemetry project
20009707508,00:36.0,-122.9096231,38.2274796,ACR Heron and Egret telemetry project
20009707817,00:36.0,-122.9277041,38.2583598,ACR Heron and Egret telemetry project
20009708018,00:35.0,-122.9235531,38.2175624,ACR Heron and Egret telemetry project
20009708090,00:34.0,-122.9235777,38.2174713,ACR Heron and Egret telemetry project
20009710938,00:34.0,-122.9155425,38.190471,ACR Heron and Egret telemetry project
20009711022,00:38.0,-122.9285139,38.237055,ACR Heron and Egret telemetry project
20009711920,00:33.0,-122.9170018,38.2309299,ACR Heron and Egret telemetry project
20009716360,00:31.0,-122.9412209,38.0353258,ACR Heron and Egret telemetry project
20009716492,00:38.0,-122.9449417,38.0501086,ACR Heron and Egret telemetry project
20009717881,00:30.0,-122.9408482,38.0351351,ACR Heron and Egret telemetry project
20009719828,00:33.0,-122.9495328,38.2279673,ACR Heron and Egret telemetry project
20009720392,00:30.0,-122.9236167,38.2171595,ACR Heron and Egret telemetry project
20009720404,00:36.0,-122.9235146,38.21742,ACR Heron and Egret telemetry project
20009720412,00:31.0,-122.9234137,38.2174554,ACR Heron and Egret telemetry project
20009720424,00:39.0,-122.9551847,38.2251796,ACR Heron and Egret telemetry project
7512062743,00:39.0,-122.8997592,38.1660472,ACR Heron and Egret telemetry project
7615633610,00:32.0,-120.6389207,36.8364512,ACR Heron and Egret telemetry project
7583677430,00:38.0,-120.6415355,36.8394387,ACR Heron and Egret telemetry project
7615633850,00:38.0,-120.6415355,36.8394387,ACR Heron and Egret telemetry project
7812949212,00:38.0,-120.5926767,36.8527813,ACR Heron and Egret telemetry project
7812951129,00:38.0,-120.6897401,36.9087516,ACR Heron and Egret telemetry project
7891524997,00:39.0,-119.6801133,36.1451793,ACR Heron and Egret telemetry project
7948079310,00:39.0,-119.6672089,36.0702498,ACR Heron and Egret telemetry project
7994999399,00:31.0,-110.3881831,32.3081394,ACR Heron and Egret telemetry project
7997922635,00:39.0,-110.2526698,31.9186371,ACR Heron and Egret telemetry project
8050938359,00:39.0,-110.2144517,31.8807496,ACR Heron and Egret telemetry project
8074991401,00:38.0,-110.2127993,31.8896039,ACR Heron and Egret telemetry project
8092523927,00:38.0,-110.2597903,31.9406149,ACR Heron and Egret telemetry project
8344406494,00:39.0,-110.2598457,31.9406207,ACR Heron and Egret telemetry project
8344406560,00:39.0,-110.2597709,31.9406283,ACR Heron and Egret telemetry project
8364405142,00:39.0,-110.2597452,31.9406494,ACR Heron and Egret telemetry project
8394528625,00:32.0,-110.2110162,31.8903,ACR Heron and Egret telemetry project
8904845451,00:38.0,-110.2128647,31.8897526,ACR Heron and Egret telemetry project
9065883795,00:38.0,-110.2129986,31.8896067,ACR Heron and Egret telemetry project
9073301330,00:30.0,,,ACR Heron and Egret telemetry project
9081294736,00:39.0,-110.2129067,31.8896557,ACR Heron and Egret telemetry project
9089763765,00:38.0,-110.2234294,31.8692398,ACR Heron and Egret telemetry project
9097917545,00:39.0,-110.2131398,31.8893529,ACR Heron and Egret telemetry project
9179939495,00:32.0,-110.2131432,31.8892767,ACR Heron and Egret telemetry project
9336805378,00:38.0,-110.2131688,31.8892346,ACR Heron and Egret telemetry project
9422975315,00:38.0,-110.2130712,31.8891834,ACR Heron and Egret telemetry project
9424253633,00:38.0,-110.2130632,31.8892634,ACR Heron and Egret telemetry project
9466400068,00:38.0,-110.2129104,31.8901456,ACR Heron and Egret telemetry project
9539590311,00:35.0,-110.2131812,31.8893166,ACR Heron and Egret telemetry project
9630878415,00:39.0,-110.2130684,31.889145,ACR Heron and Egret telemetry project
9743010257,00:39.0,-110.2130825,31.8891855,ACR Heron and Egret telemetry project
10256373855,00:38.0,-118.5108149,34.8254133,ACR Heron and Egret telemetry project
10256374165,00:38.0,-118.5108149,34.8254133,ACR Heron and Egret telemetry project
10465705785,00:38.0,-120.9765942,37.1225376,ACR Heron and Egret telemetry project
10688923170,00:37.0,-122.9000309,38.1663165,ACR Heron and Egret telemetry project
10688923206,00:30.0,-122.8997997,38.1661776,ACR Heron and Egret telemetry project
10688923635,00:33.0,-122.8998268,38.1664272,ACR Heron and Egret telemetry project
11003027014,00:38.0,-122.9006074,38.1704242,ACR Heron and Egret telemetry project
11406375239,00:36.0,-122.8999272,38.1660612,ACR Heron and Egret telemetry project
11406375434,00:39.0,-122.8998573,38.1663404,ACR Heron and Egret telemetry project
11506730058,00:33.0,-122.8997776,38.1663422,ACR Heron and Egret telemetry project
11478321271,00:35.0,-122.8998546,38.1664328,ACR Heron and Egret telemetry project
11500724308,00:30.0,-122.9002379,38.1661968,ACR Heron and Egret telemetry project
11500724677,00:30.0,-122.8995884,38.1668494,ACR Heron and Egret telemetry project
11500725139,00:36.0,-122.8998032,38.1661997,ACR Heron and Egret telemetry project
11506730930,00:31.0,-122.8997153,38.1662407,ACR Heron and Egret telemetry project
11556061754,00:32.0,-122.8997722,38.1662233,ACR Heron and Egret telemetry project
11556062052,00:35.0,-122.8998009,38.1664154,ACR Heron and Egret telemetry project
11556062505,00:36.0,-122.9008432,38.1669997,ACR Heron and Egret telemetry project
11577695832,00:34.0,-122.9001033,38.1664073,ACR Heron and Egret telemetry project
11871441594,00:39.0,-122.8997632,38.1663672,ACR Heron and Egret telemetry project
11889825543,00:31.0,-122.8997339,38.1660906,ACR Heron and Egret telemetry project
11894894208,00:37.0,-122.8997835,38.1662914,ACR Heron and Egret telemetry project
11920258456,00:33.0,-122.89969,38.16651,ACR Heron and Egret telemetry project
11952011950,00:33.0,-122.9000025,38.1661367,ACR Heron and Egret telemetry project
12064562727,00:31.0,-122.8998543,38.1661881,ACR Heron and Egret telemetry project
12064564164,00:31.0,-122.8999561,38.1662762,ACR Heron and Egret telemetry project
12095482180,00:37.0,-122.8998124,38.1661076,ACR Heron and Egret telemetry project
12125345941,00:38.0,-122.8965125,38.1401904,ACR Heron and Egret telemetry project
12125346049,00:36.0,-122.896638,38.1402877,ACR Heron and Egret telemetry project
12125346214,00:35.0,-122.9000502,38.165998,ACR Heron and Egret telemetry project
12378523802,00:33.0,-122.8999511,38.1660348,ACR Heron and Egret telemetry project
12174717059,00:37.0,-122.9000055,38.1661181,ACR Heron and Egret telemetry project
12174717586,00:33.0,-122.899876,38.1660771,ACR Heron and Egret telemetry project
12215497921,00:36.0,-122.9000058,38.1661995,ACR Heron and Egret telemetry project
12250439663,00:30.0,-122.9001562,38.1660483,ACR Heron and Egret telemetry project
12250440518,00:38.0,-122.8999527,38.1661523,ACR Heron and Egret telemetry project
12323953528,00:31.0,-122.8998329,38.1662233,ACR Heron and Egret telemetry project
12398637906,00:31.0,-122.8999291,38.1661306,ACR Heron and Egret telemetry project
12398638160,00:31.0,-122.9000734,38.1665093,ACR Heron and Egret telemetry project
12398638164,00:31.0,-122.8998151,38.1661894,ACR Heron and Egret telemetry project
12521000977,00:32.0,-122.899858,38.1662176,ACR Heron and Egret telemetry project
12529619014,00:31.0,-122.8999233,38.1660733,ACR Heron and Egret telemetry project
12549266909,00:30.0,-122.8999127,38.1661607,ACR Heron and Egret telemetry project
12700924863,00:39.0,-119.1888153,35.3256927,ACR Heron and Egret telemetry project
12845858355,00:38.0,-119.2079999,35.3380932,ACR Heron and Egret telemetry project
13041339243,00:39.0,-119.286653,35.3003327,ACR Heron and Egret telemetry project
13261348300,00:38.0,-119.2265876,35.3131969,ACR Heron and Egret telemetry project
13656280977,00:37.0,-122.9232976,38.2174494,ACR Heron and Egret telemetry project
13656281042,00:30.0,-122.9230955,38.2173609,ACR Heron and Egret telemetry project
13656282528,00:38.0,-122.9234625,38.2173843,ACR Heron and Egret telemetry project
13656282544,00:37.0,-122.9231359,38.2173137,ACR Heron and Egret telemetry project
13656282938,00:31.0,-122.8998641,38.1661149,ACR Heron and Egret telemetry project
13656283781,00:38.0,-122.9008371,38.1663564,ACR Heron and Egret telemetry project
13656283789,00:32.0,-122.899885,38.1660924,ACR Heron and Egret telemetry project
13684094797,00:39.0,-122.8966348,38.1404643,ACR Heron and Egret telemetry project
13684094833,00:38.0,-122.9346373,38.1871862,ACR Heron and Egret telemetry project
13791102216,00:37.0,-122.8998297,38.1661152,ACR Heron and Egret telemetry project
13791102228,00:38.0,-122.8998617,38.1660957,ACR Heron and Egret telemetry project
13791103287,00:34.0,-122.9000514,38.1660974,ACR Heron and Egret telemetry project
13791105154,00:30.0,-122.8999176,38.1661709,ACR Heron and Egret telemetry project
13791105260,00:32.0,-122.8999931,38.1660373,ACR Heron and Egret telemetry project
13804469601,00:37.0,-122.8998228,38.1660761,ACR Heron and Egret telemetry project
13873235668,00:38.0,-122.8998334,38.1664467,ACR Heron and Egret telemetry project
14030177527,00:38.0,-122.8997168,38.1662122,ACR Heron and Egret telemetry project
14411820753,00:33.0,-122.8993999,38.1663187,ACR Heron and Egret telemetry project
14411822765,00:30.0,-122.8996799,38.1663076,ACR Heron and Egret telemetry project
14411825333,00:37.0,-122.8996474,38.1663963,ACR Heron and Egret telemetry project
14411825891,00:30.0,-122.8997538,38.1663605,ACR Heron and Egret telemetry project
14506267352,00:38.0,-122.913473,38.1888435,ACR Heron and Egret telemetry project
14807865109,00:38.0,-122.89989,38.1661725,ACR Heron and Egret telemetry project
14880966627,00:38.0,-122.8997415,38.1670609,ACR Heron and Egret telemetry project
14898218821,00:32.0,-122.8998778,38.166147,ACR Heron and Egret telemetry project
14963807615,00:34.0,-122.9549055,38.2188018,ACR Heron and Egret telemetry project
14963808290,00:33.0,-122.8999245,38.1661241,ACR Heron and Egret telemetry project
14963808563,00:33.0,-122.8998132,38.1661722,ACR Heron and Egret telemetry project
14963808635,00:36.0,-122.8997681,38.1660112,ACR Heron and Egret telemetry project
15120893058,00:38.0,-122.8998287,38.166122,ACR Heron and Egret telemetry project
15120894657,00:30.0,-122.8999688,38.1668169,ACR Heron and Egret telemetry project
15120895706,00:33.0,-122.8996361,38.1669474,ACR Heron and Egret telemetry project
15120896534,00:33.0,-122.8999243,38.1660647,ACR Heron and Egret telemetry project
15639841715,00:36.0,-122.899785,38.1661865,ACR Heron and Egret telemetry project
15639844504,00:31.0,-122.8998669,38.1661686,ACR Heron and Egret telemetry project
15639845677,00:30.0,-122.8998509,38.1661643,ACR Heron and Egret telemetry project
15639846248,00:34.0,-122.8999438,38.166092,ACR Heron and Egret telemetry project
16625688160,00:36.0,-122.899912,38.1662538,ACR Heron and Egret telemetry project
16625688729,00:39.0,-122.8998709,38.1662771,ACR Heron and Egret telemetry project
16625689026,00:34.0,-122.8999229,38.1661699,ACR Heron and Egret telemetry project
16625690973,00:36.0,-122.8997835,38.1661087,ACR Heron and Egret telemetry project
16625691033,00:31.0,-122.9001272,38.1663064,ACR Heron and Egret telemetry project
16625692309,00:34.0,-122.899824,38.1660723,ACR Heron and Egret telemetry project
16625692575,00:39.0,-122.9013218,38.1665856,ACR Heron and Egret telemetry project
16625694655,00:31.0,-122.8996657,38.1661926,ACR Heron and Egret telemetry project
16625695516,00:38.0,-122.8999919,38.1662939,ACR Heron and Egret telemetry project
16625696309,00:38.0,-122.8997838,38.1660907,ACR Heron and Egret telemetry project
16625696333,00:39.0,-122.8998747,38.1661388,ACR Heron and Egret telemetry project
16625696989,00:38.0,-122.8998933,38.1661883,ACR Heron and Egret telemetry project
16625697940,00:39.0,-122.9095795,38.1519197,ACR Heron and Egret telemetry project
16625698339,00:35.0,-122.9295585,38.1055544,ACR Heron and Egret telemetry project
16625698931,00:38.0,-122.9423339,38.1090522,ACR Heron and Egret telemetry project
16625702217,00:35.0,-122.899903,38.1662787,ACR Heron and Egret telemetry project
16625704163,00:34.0,-122.8998277,38.1661942,ACR Heron and Egret telemetry project
16625704354,00:38.0,-122.8999357,38.1659567,ACR Heron and Egret telemetry project
16625704948,00:39.0,-122.8999007,38.166162,ACR Heron and Egret telemetry project
16625705245,00:32.0,-122.8999926,38.1661787,ACR Heron and Egret telemetry project
16625705707,00:31.0,-122.9006017,38.1659033,ACR Heron and Egret telemetry project
16625705825,00:39.0,-122.9106876,38.1521328,ACR Heron and Egret telemetry project
16625705911,00:39.0,-122.8991604,38.164573,ACR Heron and Egret telemetry project
